{
	"credit": "Made with Blockbench",
	"texture_size": [256, 256],
	"textures": {
		"0": "block/amethyst_shard",
		"particle": "block/amethyst_shard"
	},
	"elements": [
		{
			"from": [-16, 0, -16],
			"to": [32, 1, 32],
			"faces": {
				"north": {"uv": [9, 6, 12, 6.0625], "texture": "#0"},
				"east": {"uv": [9, 6.0625, 12, 6.125], "texture": "#0"},
				"south": {"uv": [9, 6.125, 12, 6.1875], "texture": "#0"},
				"west": {"uv": [9, 6.1875, 12, 6.25], "texture": "#0"},
				"up": {"uv": [3, 3, 0, 0], "texture": "#0"},
				"down": {"uv": [3, 3, 0, 6], "texture": "#0"}
			}
		},
		{
			"from": [-16, 1, -16],
			"to": [32, 2, 32],
			"faces": {
				"north": {"uv": [9, 6.25, 12, 6.3125], "texture": "#0"},
				"east": {"uv": [9, 6.3125, 12, 6.375], "texture": "#0"},
				"south": {"uv": [9, 6.375, 12, 6.4375], "texture": "#0"},
				"west": {"uv": [9, 6.4375, 12, 6.5], "texture": "#0"},
				"up": {"uv": [6, 3, 3, 0], "texture": "#0"},
				"down": {"uv": [6, 3, 3, 6], "texture": "#0"}
			}
		},
		{
			"from": [-16, 2, -16],
			"to": [32, 3, 32],
			"faces": {
				"north": {"uv": [9, 6.5, 12, 6.5625], "texture": "#0"},
				"east": {"uv": [9, 6.5625, 12, 6.625], "texture": "#0"},
				"south": {"uv": [9, 6.625, 12, 6.6875], "texture": "#0"},
				"west": {"uv": [9, 6.6875, 12, 6.75], "texture": "#0"},
				"up": {"uv": [3, 9, 0, 6], "texture": "#0"},
				"down": {"uv": [9, 0, 6, 3], "texture": "#0"}
			}
		},
		{
			"from": [-16, 3, -16],
			"to": [32, 4, 32],
			"faces": {
				"north": {"uv": [9, 6.75, 12, 6.8125], "texture": "#0"},
				"east": {"uv": [9, 6.8125, 12, 6.875], "texture": "#0"},
				"south": {"uv": [9, 6.875, 12, 6.9375], "texture": "#0"},
				"west": {"uv": [9, 6.9375, 12, 7], "texture": "#0"},
				"up": {"uv": [6, 9, 3, 6], "texture": "#0"},
				"down": {"uv": [9, 3, 6, 6], "texture": "#0"}
			}
		},
		{
			"from": [-16, 4, -16],
			"to": [32, 5, 32],
			"faces": {
				"north": {"uv": [9, 7, 12, 7.0625], "texture": "#0"},
				"east": {"uv": [9, 7.0625, 12, 7.125], "texture": "#0"},
				"south": {"uv": [9, 7.125, 12, 7.1875], "texture": "#0"},
				"west": {"uv": [9, 7.1875, 12, 7.25], "texture": "#0"},
				"up": {"uv": [9, 9, 6, 6], "texture": "#0"},
				"down": {"uv": [3, 9, 0, 12], "texture": "#0"}
			}
		},
		{
			"from": [-16, 5, -16],
			"to": [32, 6, 32],
			"faces": {
				"north": {"uv": [9, 7.25, 12, 7.3125], "texture": "#0"},
				"east": {"uv": [9, 7.3125, 12, 7.375], "texture": "#0"},
				"south": {"uv": [9, 7.375, 12, 7.4375], "texture": "#0"},
				"west": {"uv": [9, 7.4375, 12, 7.5], "texture": "#0"},
				"up": {"uv": [12, 3, 9, 0], "texture": "#0"},
				"down": {"uv": [6, 9, 3, 12], "texture": "#0"}
			}
		},
		{
			"from": [-16, 6, -16],
			"to": [32, 7, 32],
			"faces": {
				"north": {"uv": [9, 7.5, 12, 7.5625], "texture": "#0"},
				"east": {"uv": [9, 7.5625, 12, 7.625], "texture": "#0"},
				"south": {"uv": [9, 7.625, 12, 7.6875], "texture": "#0"},
				"west": {"uv": [9, 7.6875, 12, 7.75], "texture": "#0"},
				"up": {"uv": [12, 6, 9, 3], "texture": "#0"},
				"down": {"uv": [9, 9, 6, 12], "texture": "#0"}
			}
		}
	],
	"display": {},
	"groups": [
		{
			"name": "group",
			"origin": [0, 0, 0],
			"color": 0,
			"children": [0, 1, 2, 3, 4, 5, 6]
		}
	]
}