{
	"credit": "Made with Blockbench",
	"texture_size": [128, 128],
	"textures": {
		"0": "block/armadillo_spawn_egg",
		"particle": "block/armadillo_spawn_egg"
	},
	"elements": [
		{
			"from": [-1, 17, -2],
			"to": [5, 25, 6],
			"faces": {
				"north": {"uv": [4.5, 1.25, 5.25, 2.25], "texture": "#0"},
				"east": {"uv": [0, 0, 1, 1], "texture": "#0"},
				"south": {"uv": [4.5, 1.25, 5.25, 2.25], "texture": "#0"},
				"west": {"uv": [0, 1, 1, 2], "texture": "#0"},
				"up": {"uv": [3, 5.75, 2.25, 4.75], "texture": "#0"},
				"down": {"uv": [3.75, 4.75, 3, 5.75], "texture": "#0"}
			}
		},
		{
			"from": [-2, 17, -1],
			"to": [6, 25, 5],
			"faces": {
				"north": {"uv": [1, 0, 2, 1], "texture": "#0"},
				"east": {"uv": [4.5, 1.25, 5.25, 2.25], "texture": "#0"},
				"south": {"uv": [1, 1, 2, 2], "texture": "#0"},
				"west": {"uv": [4.5, 1.25, 5.25, 2.25], "texture": "#0"},
				"up": {"uv": [6, 4, 5, 3.25], "texture": "#0"},
				"down": {"uv": [6, 4, 5, 4.75], "texture": "#0"}
			}
		},
		{
			"from": [-1, 16, -1],
			"to": [5, 26, 5],
			"faces": {
				"north": {"uv": [3, 1, 3.75, 2.25], "texture": "#0"},
				"east": {"uv": [2, 3, 2.75, 4.25], "texture": "#0"},
				"south": {"uv": [3, 2.25, 3.75, 3.5], "texture": "#0"},
				"west": {"uv": [2.75, 3.5, 3.5, 4.75], "texture": "#0"},
				"up": {"uv": [6.75, 4.25, 6, 3.5], "texture": "#0"},
				"down": {"uv": [6.75, 4.25, 6, 5], "texture": "#0"}
			}
		},
		{
			"from": [5, 17, 10],
			"to": [11, 25, 18],
			"faces": {
				"north": {"uv": [5.25, 2, 6, 3], "texture": "#0"},
				"east": {"uv": [0, 2, 1, 3], "texture": "#0"},
				"south": {"uv": [5.25, 2, 6, 3], "texture": "#0"},
				"west": {"uv": [2, 0, 3, 1], "texture": "#0"},
				"up": {"uv": [1.5, 6.25, 0.75, 5.25], "texture": "#0"},
				"down": {"uv": [6, 1, 5.25, 2], "texture": "#0"}
			}
		},
		{
			"from": [4, 17, 11],
			"to": [12, 25, 17],
			"faces": {
				"north": {"uv": [1, 2, 2, 3], "texture": "#0"},
				"east": {"uv": [5.25, 2, 6, 3], "texture": "#0"},
				"south": {"uv": [2, 1, 3, 2], "texture": "#0"},
				"west": {"uv": [5.25, 2, 6, 3], "texture": "#0"},
				"up": {"uv": [2.5, 6.5, 1.5, 5.75], "texture": "#0"},
				"down": {"uv": [3.5, 5.75, 2.5, 6.5], "texture": "#0"}
			}
		},
		{
			"from": [5, 16, 11],
			"to": [11, 26, 17],
			"faces": {
				"north": {"uv": [3.5, 3.5, 4.25, 4.75], "texture": "#0"},
				"east": {"uv": [3.75, 1, 4.5, 2.25], "texture": "#0"},
				"south": {"uv": [3.75, 2.25, 4.5, 3.5], "texture": "#0"},
				"west": {"uv": [0, 4, 0.75, 5.25], "texture": "#0"},
				"up": {"uv": [6.75, 5.75, 6, 5], "texture": "#0"},
				"down": {"uv": [0.75, 6.25, 0, 7], "texture": "#0"}
			}
		},
		{
			"from": [11, 17, -2],
			"to": [17, 25, 6],
			"faces": {
				"north": {"uv": [3.5, 5.75, 4.25, 6.75], "texture": "#0"},
				"east": {"uv": [2, 2, 3, 3], "texture": "#0"},
				"south": {"uv": [4.25, 5.75, 5, 6.75], "texture": "#0"},
				"west": {"uv": [0, 3, 1, 4], "texture": "#0"},
				"up": {"uv": [5.75, 6.75, 5, 5.75], "texture": "#0"},
				"down": {"uv": [6.5, 5.75, 5.75, 6.75], "texture": "#0"}
			}
		},
		{
			"from": [10, 17, -1],
			"to": [18, 25, 5],
			"faces": {
				"north": {"uv": [3, 0, 4, 1], "texture": "#0"},
				"east": {"uv": [6, 0, 6.75, 1], "texture": "#0"},
				"south": {"uv": [1, 3, 2, 4], "texture": "#0"},
				"west": {"uv": [6, 1, 6.75, 2], "texture": "#0"},
				"up": {"uv": [7, 2.75, 6, 2], "texture": "#0"},
				"down": {"uv": [7, 2.75, 6, 3.5], "texture": "#0"}
			}
		},
		{
			"from": [11, 16, -1],
			"to": [17, 26, 5],
			"faces": {
				"north": {"uv": [0.75, 4, 1.5, 5.25], "texture": "#0"},
				"east": {"uv": [1.5, 4.25, 2.25, 5.5], "texture": "#0"},
				"south": {"uv": [4.25, 3.5, 5, 4.75], "texture": "#0"},
				"west": {"uv": [4.5, 0, 5.25, 1.25], "texture": "#0"},
				"up": {"uv": [1.5, 7, 0.75, 6.25], "texture": "#0"},
				"down": {"uv": [2.25, 6.5, 1.5, 7.25], "texture": "#0"}
			}
		},
		{
			"from": [13, 15, 1],
			"to": [15, 16, 3],
			"faces": {
				"north": {"uv": [6.75, 1.875, 7, 2], "texture": "#0"},
				"east": {"uv": [6.75, 5.625, 7, 5.75], "texture": "#0"},
				"south": {"uv": [6.25, 6.75, 6.5, 6.875], "texture": "#0"},
				"west": {"uv": [6.75, 6.25, 7, 6.375], "texture": "#0"},
				"up": {"uv": [3, 3.25, 2.75, 3], "texture": "#0"},
				"down": {"uv": [3, 3.25, 2.75, 3.5], "texture": "#0"}
			}
		},
		{
			"from": [7, 15, 13],
			"to": [9, 16, 15],
			"faces": {
				"north": {"uv": [6.75, 6.375, 7, 6.5], "texture": "#0"},
				"east": {"uv": [6.75, 6.5, 7, 6.625], "texture": "#0"},
				"south": {"uv": [6.75, 6.625, 7, 6.75], "texture": "#0"},
				"west": {"uv": [6.75, 6.75, 7, 6.875], "texture": "#0"},
				"up": {"uv": [2.25, 5.75, 2, 5.5], "texture": "#0"},
				"down": {"uv": [6, 3, 5.75, 3.25], "texture": "#0"}
			}
		},
		{
			"from": [1, 15, 1],
			"to": [3, 16, 3],
			"faces": {
				"north": {"uv": [6.875, 0, 7.125, 0.125], "texture": "#0"},
				"east": {"uv": [6.875, 0.125, 7.125, 0.25], "texture": "#0"},
				"south": {"uv": [6.875, 0.25, 7.125, 0.375], "texture": "#0"},
				"west": {"uv": [6.875, 0.375, 7.125, 0.5], "texture": "#0"},
				"up": {"uv": [6, 7, 5.75, 6.75], "texture": "#0"},
				"down": {"uv": [6.25, 6.75, 6, 7], "texture": "#0"}
			}
		},
		{
			"from": [12, 13, 0],
			"to": [16, 15, 4],
			"faces": {
				"north": {"uv": [1.5, 4, 2, 4.25], "texture": "#0"},
				"east": {"uv": [4.5, 3.25, 5, 3.5], "texture": "#0"},
				"south": {"uv": [5.25, 3, 5.75, 3.25], "texture": "#0"},
				"west": {"uv": [1.5, 5.5, 2, 5.75], "texture": "#0"},
				"up": {"uv": [4.5, 0.5, 4, 0], "texture": "#0"},
				"down": {"uv": [4.5, 0.5, 4, 1], "texture": "#0"}
			}
		},
		{
			"from": [0, 13, 0],
			"to": [4, 15, 4],
			"faces": {
				"north": {"uv": [6.75, 1.375, 7.25, 1.625], "texture": "#0"},
				"east": {"uv": [6.75, 1.625, 7.25, 1.875], "texture": "#0"},
				"south": {"uv": [4.25, 6.75, 4.75, 7], "texture": "#0"},
				"west": {"uv": [4.75, 6.75, 5.25, 7], "texture": "#0"},
				"up": {"uv": [2.75, 4.75, 2.25, 4.25], "texture": "#0"},
				"down": {"uv": [2.75, 6.5, 2.25, 7], "texture": "#0"}
			}
		},
		{
			"from": [6, 13, 12],
			"to": [10, 15, 16],
			"faces": {
				"north": {"uv": [6.75, 4.875, 7.25, 5.125], "texture": "#0"},
				"east": {"uv": [6.75, 5.125, 7.25, 5.375], "texture": "#0"},
				"south": {"uv": [5.25, 6.75, 5.75, 7], "texture": "#0"},
				"west": {"uv": [6.75, 5.375, 7.25, 5.625], "texture": "#0"},
				"up": {"uv": [3.25, 7, 2.75, 6.5], "texture": "#0"},
				"down": {"uv": [7, 5.75, 6.5, 6.25], "texture": "#0"}
			}
		},
		{
			"from": [7.5, 2, 13.5],
			"to": [8.5, 13, 14.5],
			"faces": {
				"north": {"uv": [3.25, 6.5, 3.375, 7.875], "texture": "#0"},
				"east": {"uv": [3.375, 6.5, 3.5, 7.875], "texture": "#0"},
				"south": {"uv": [6.5, 6.25, 6.625, 7.625], "texture": "#0"},
				"west": {"uv": [6.625, 6.25, 6.75, 7.625], "texture": "#0"},
				"up": {"uv": [7, 0.625, 6.875, 0.5], "texture": "#0"},
				"down": {"uv": [7, 0.625, 6.875, 0.75], "texture": "#0"}
			}
		},
		{
			"from": [13.5, 2, 1.5],
			"to": [14.5, 13, 2.5],
			"faces": {
				"north": {"uv": [6.75, 0, 6.875, 1.375], "texture": "#0"},
				"east": {"uv": [3.5, 6.75, 3.625, 8.125], "texture": "#0"},
				"south": {"uv": [6.75, 3.5, 6.875, 4.875], "texture": "#0"},
				"west": {"uv": [3.625, 6.75, 3.75, 8.125], "texture": "#0"},
				"up": {"uv": [7, 0.875, 6.875, 0.75], "texture": "#0"},
				"down": {"uv": [7, 0.875, 6.875, 1], "texture": "#0"}
			}
		},
		{
			"from": [1.5, 2, 1.5],
			"to": [2.5, 13, 2.5],
			"faces": {
				"north": {"uv": [3.75, 6.75, 3.875, 8.125], "texture": "#0"},
				"east": {"uv": [3.875, 6.75, 4, 8.125], "texture": "#0"},
				"south": {"uv": [4, 6.75, 4.125, 8.125], "texture": "#0"},
				"west": {"uv": [4.125, 6.75, 4.25, 8.125], "texture": "#0"},
				"up": {"uv": [7, 1.125, 6.875, 1], "texture": "#0"},
				"down": {"uv": [7, 1.125, 6.875, 1.25], "texture": "#0"}
			}
		}
	],
	"display": {
		"thirdperson_righthand": {
			"scale": [0, 0, 0]
		},
		"head": {
			"translation": [0, 11.5, 0],
			"scale": [0.9, 0.9, 0.9]
		}
	},
	"groups": [
		{
			"name": "armadillo_spawn_egg",
			"origin": [0, 0, 0],
			"color": 0,
			"children": [0, 1, 2, 3, 4, 5, 6, 7, 8, 9, 10, 11, 12, 13, 14, 15, 16, 17]
		}
	]
}