{
	"credit": "Made with Blockbench",
	"texture_size": [64, 64],
	"textures": {
		"0": "block/molot",
		"particle": "block/molot"
	},
	"elements": [
		{
			"from": [7, 0, 7],
			"to": [9, 16, 9],
			"rotation": {"angle": 0, "axis": "y", "origin": [7, 0, 7]},
			"faces": {
				"north": {"uv": [3, 5.5, 3.5, 9.5], "texture": "#0"},
				"east": {"uv": [3.5, 5.5, 4, 9.5], "texture": "#0"},
				"south": {"uv": [4, 5.5, 4.5, 9.5], "texture": "#0"},
				"west": {"uv": [4.5, 5.5, 5, 9.5], "texture": "#0"},
				"up": {"uv": [7.75, 8.25, 7.25, 7.75], "texture": "#0"},
				"down": {"uv": [8.25, 7.75, 7.75, 8.25], "texture": "#0"}
			}
		},
		{
			"from": [7, 23, 7],
			"to": [9, 24, 9],
			"rotation": {"angle": 0, "axis": "y", "origin": [7, 8, 7]},
			"faces": {
				"north": {"uv": [7.5, 3.75, 8, 4], "texture": "#0"},
				"east": {"uv": [1, 8, 1.5, 8.25], "texture": "#0"},
				"south": {"uv": [8, 3.75, 8.5, 4], "texture": "#0"},
				"west": {"uv": [8, 4, 8.5, 4.25], "texture": "#0"},
				"up": {"uv": [0.5, 8.5, 0, 8], "texture": "#0"},
				"down": {"uv": [1, 8, 0.5, 8.5], "texture": "#0"}
			}
		},
		{
			"from": [5, 16, 1],
			"to": [11, 23, 15],
			"rotation": {"angle": 0, "axis": "y", "origin": [7, 3, 7]},
			"faces": {
				"north": {"uv": [5, 4, 6.5, 5.75], "texture": "#0"},
				"east": {"uv": [0, 0, 3.5, 1.75], "texture": "#0"},
				"south": {"uv": [1.5, 5.5, 3, 7.25], "texture": "#0"},
				"west": {"uv": [0, 1.75, 3.5, 3.5], "texture": "#0"},
				"up": {"uv": [1.5, 7, 0, 3.5], "texture": "#0"},
				"down": {"uv": [5, 0, 3.5, 3.5], "texture": "#0"}
			}
		},
		{
			"from": [4.75, 15.75, 0.75],
			"to": [11.25, 23.25, 3.25],
			"rotation": {"angle": 0, "axis": "y", "origin": [7, 3, 6]},
			"faces": {
				"north": {"uv": [1.5, 3.5, 3.25, 5.5], "texture": "#0"},
				"east": {"uv": [5, 5.75, 5.75, 7.75], "texture": "#0"},
				"south": {"uv": [3.25, 3.5, 5, 5.5], "texture": "#0"},
				"west": {"uv": [5.75, 5.75, 6.5, 7.75], "texture": "#0"},
				"up": {"uv": [8.5, 0.75, 6.75, 0], "texture": "#0"},
				"down": {"uv": [8.5, 0.75, 6.75, 1.5], "texture": "#0"}
			}
		},
		{
			"from": [4.75, 15.75, 12.75],
			"to": [11.25, 23.25, 15.25],
			"rotation": {"angle": 0, "axis": "y", "origin": [7, 3, 18]},
			"faces": {
				"north": {"uv": [5, 0, 6.75, 2], "texture": "#0"},
				"east": {"uv": [6.5, 4, 7.25, 6], "texture": "#0"},
				"south": {"uv": [5, 2, 6.75, 4], "texture": "#0"},
				"west": {"uv": [6.5, 6, 7.25, 8], "texture": "#0"},
				"up": {"uv": [8.5, 2.25, 6.75, 1.5], "texture": "#0"},
				"down": {"uv": [8.5, 2.25, 6.75, 3], "texture": "#0"}
			}
		},
		{
			"from": [6.75, 0, 6.75],
			"to": [9.25, 4, 9.25],
			"rotation": {"angle": 0, "axis": "y", "origin": [7, 0, 7]},
			"faces": {
				"north": {"uv": [6.75, 3, 7.5, 4], "texture": "#0"},
				"east": {"uv": [0, 7, 0.75, 8], "texture": "#0"},
				"south": {"uv": [0.75, 7, 1.5, 8], "texture": "#0"},
				"west": {"uv": [1.5, 7.25, 2.25, 8.25], "texture": "#0"},
				"up": {"uv": [8, 7.75, 7.25, 7], "texture": "#0"},
				"down": {"uv": [8.25, 3, 7.5, 3.75], "texture": "#0"}
			}
		},
		{
			"from": [6.75, 13, 6.75],
			"to": [9.25, 17, 9.25],
			"rotation": {"angle": 0, "axis": "y", "origin": [7, 13, 7]},
			"faces": {
				"north": {"uv": [2.25, 7.25, 3, 8.25], "texture": "#0"},
				"east": {"uv": [7.25, 4, 8, 5], "texture": "#0"},
				"south": {"uv": [7.25, 5, 8, 6], "texture": "#0"},
				"west": {"uv": [7.25, 6, 8, 7], "texture": "#0"},
				"up": {"uv": [5.75, 8.5, 5, 7.75], "texture": "#0"},
				"down": {"uv": [6.5, 7.75, 5.75, 8.5], "texture": "#0"}
			}
		}
	],
	"display": {
		"thirdperson_righthand": {
			"translation": [0, 0.5, 1.25],
			"scale": [0.7, 0.7, 0.7]
		},
		"firstperson_righthand": {
			"rotation": [22, 0, 0],
			"translation": [2.5, 0, -2],
			"scale": [0.8, 0.8, 0.8]
		},
		"ground": {
			"rotation": [0, 0, 90],
			"translation": [3, 0, 0],
			"scale": [0.7, 0.7, 0.7]
		},
		"gui": {
			"rotation": [29, 54, 0],
			"translation": [0.5, -2.75, 0],
			"scale": [0.7, 0.7, 0.7]
		}
	}
}