{
	"credit": "Made with Blockbench",
	"texture_size": [32, 32],
	"textures": {
		"0": "block/bat_spawn_egg",
		"particle": "block/bat_spawn_egg"
	},
	"elements": [
		{
			"from": [6, 7, 7],
			"to": [10, 11, 11],
			"rotation": {"angle": 0, "axis": "y", "origin": [0, -6, 0]},
			"faces": {
				"north": {"uv": [0, 2.5, 2, 4.5], "texture": "#0"},
				"east": {"uv": [2, 2.5, 4, 4.5], "texture": "#0"},
				"south": {"uv": [4, 0, 6, 2], "texture": "#0"},
				"west": {"uv": [4, 2, 6, 4], "texture": "#0"},
				"up": {"uv": [6, 6, 4, 4], "texture": "#0"},
				"down": {"uv": [2, 4.5, 0, 6.5], "texture": "#0"}
			}
		},
		{
			"from": [6, 7, 6],
			"to": [10, 9, 7],
			"rotation": {"angle": 0, "axis": "y", "origin": [0, -6, 0]},
			"faces": {
				"north": {"uv": [0, 9, 2, 10], "texture": "#0"},
				"east": {"uv": [0, 10, 0.5, 11], "texture": "#0"},
				"south": {"uv": [9, 0, 11, 1], "texture": "#0"},
				"west": {"uv": [0.5, 10, 1, 11], "texture": "#0"},
				"up": {"uv": [11, 3.5, 9, 3], "texture": "#0"},
				"down": {"uv": [11, 3.5, 9, 4], "texture": "#0"}
			}
		},
		{
			"from": [6, 2, 8],
			"to": [10, 7, 10],
			"rotation": {"angle": 0, "axis": "y", "origin": [0, -6, 0]},
			"faces": {
				"north": {"uv": [0, 0, 2, 2.5], "texture": "#0"},
				"east": {"uv": [5, 6, 6, 8.5], "texture": "#0"},
				"south": {"uv": [2, 0, 4, 2.5], "texture": "#0"},
				"west": {"uv": [0, 6.5, 1, 9], "texture": "#0"},
				"up": {"uv": [11, 2, 9, 1], "texture": "#0"},
				"down": {"uv": [11, 2, 9, 3], "texture": "#0"}
			}
		},
		{
			"from": [8, 0, 4],
			"to": [10, 2, 10],
			"rotation": {"angle": -22.5, "axis": "y", "origin": [9, 1, 9]},
			"faces": {
				"north": {"uv": [5, 8.5, 6, 9.5], "texture": "#0"},
				"east": {"uv": [6, 0, 9, 1], "texture": "#0"},
				"south": {"uv": [4, 9, 5, 10], "texture": "#0"},
				"west": {"uv": [6, 1, 9, 2], "texture": "#0"},
				"up": {"uv": [3, 7.5, 2, 4.5], "texture": "#0"},
				"down": {"uv": [4, 4.5, 3, 7.5], "texture": "#0"}
			}
		},
		{
			"from": [6, 0, 4],
			"to": [8, 2, 10],
			"rotation": {"angle": 22.5, "axis": "y", "origin": [7, 1, 9]},
			"faces": {
				"north": {"uv": [9, 4, 10, 5], "texture": "#0"},
				"east": {"uv": [6, 2, 9, 3], "texture": "#0"},
				"south": {"uv": [9, 5, 10, 6], "texture": "#0"},
				"west": {"uv": [6, 3, 9, 4], "texture": "#0"},
				"up": {"uv": [5, 9, 4, 6], "texture": "#0"},
				"down": {"uv": [7, 4, 6, 7], "texture": "#0"}
			}
		},
		{
			"from": [4, 2, 8],
			"to": [6, 7, 10],
			"rotation": {"angle": 45, "axis": "x", "origin": [5, 6, 9]},
			"faces": {
				"north": {"uv": [1, 6.5, 2, 9], "texture": "#0"},
				"east": {"uv": [7, 4, 8, 6.5], "texture": "#0"},
				"south": {"uv": [6, 7, 7, 9.5], "texture": "#0"},
				"west": {"uv": [7, 6.5, 8, 9], "texture": "#0"},
				"up": {"uv": [10, 7, 9, 6], "texture": "#0"},
				"down": {"uv": [8, 9, 7, 10], "texture": "#0"}
			}
		},
		{
			"from": [10, 2, 8],
			"to": [12, 7, 10],
			"rotation": {"angle": 45, "axis": "x", "origin": [11, 6, 9]},
			"faces": {
				"north": {"uv": [2, 7.5, 3, 10], "texture": "#0"},
				"east": {"uv": [3, 7.5, 4, 10], "texture": "#0"},
				"south": {"uv": [8, 4, 9, 6.5], "texture": "#0"},
				"west": {"uv": [8, 6.5, 9, 9], "texture": "#0"},
				"up": {"uv": [10, 8, 9, 7], "texture": "#0"},
				"down": {"uv": [9, 9, 8, 10], "texture": "#0"}
			}
		},
		{
			"from": [9, 10, 8],
			"to": [11, 12, 9],
			"rotation": {"angle": 0, "axis": "y", "origin": [0, -6, 0]},
			"faces": {
				"north": {"uv": [9, 8, 10, 9], "texture": "#0"},
				"east": {"uv": [1, 10, 1.5, 11], "texture": "#0"},
				"south": {"uv": [9, 9, 10, 10], "texture": "#0"},
				"west": {"uv": [1.5, 10, 2, 11], "texture": "#0"},
				"up": {"uv": [3, 10.5, 2, 10], "texture": "#0"},
				"down": {"uv": [4, 10, 3, 10.5], "texture": "#0"}
			}
		},
		{
			"from": [5, 10, 8],
			"to": [7, 12, 9],
			"rotation": {"angle": 0, "axis": "y", "origin": [0, -6, 0]},
			"faces": {
				"north": {"uv": [5, 9.5, 6, 10.5], "texture": "#0"},
				"east": {"uv": [4, 10, 4.5, 11], "texture": "#0"},
				"south": {"uv": [6, 9.5, 7, 10.5], "texture": "#0"},
				"west": {"uv": [10, 4, 10.5, 5], "texture": "#0"},
				"up": {"uv": [11, 5.5, 10, 5], "texture": "#0"},
				"down": {"uv": [11, 5.5, 10, 6], "texture": "#0"}
			}
		}
	],
	"display": {
		"head": {
			"translation": [0, 14.25, 0]
		}
	},
	"groups": [
		{
			"name": "bat_spawn_egg",
			"origin": [8, 8, 8],
			"color": 0,
			"children": [0, 1, 2, 3, 4, 5, 6, 7, 8]
		}
	]
}