{
	"credit": "Made with Blockbench",
	"textures": {
		"0": "block/krest",
		"particle": "block/krest"
	},
	"elements": [
		{
			"from": [7, 0, 7],
			"to": [9, 13, 8.35],
			"rotation": {"angle": 0, "axis": "y", "origin": [7, 0, 7]},
			"faces": {
				"north": {"uv": [0, 0, 2, 13], "texture": "#0"},
				"east": {"uv": [4, 0, 5, 13], "texture": "#0"},
				"south": {"uv": [2, 0, 4, 13], "texture": "#0"},
				"west": {"uv": [5, 0, 6, 13], "texture": "#0"},
				"up": {"uv": [11, 8, 9, 7], "texture": "#0"},
				"down": {"uv": [10, 9, 8, 10], "texture": "#0"}
			}
		},
		{
			"from": [3.725, 8.025, 7],
			"to": [7, 10.025, 8.35],
			"rotation": {"angle": 0, "axis": "y", "origin": [5, -1.975, 7]},
			"faces": {
				"north": {"uv": [6, 4, 9, 6], "texture": "#0"},
				"east": {"uv": [6, 9, 7, 11], "texture": "#0"},
				"south": {"uv": [6, 6, 9, 8], "texture": "#0"},
				"west": {"uv": [7, 9, 8, 11], "texture": "#0"},
				"up": {"uv": [12, 2, 9, 1], "texture": "#0"},
				"down": {"uv": [12, 2, 9, 3], "texture": "#0"}
			}
		},
		{
			"from": [9, 8.025, 7],
			"to": [12.375, 10.025, 8.35],
			"rotation": {"angle": 0, "axis": "y", "origin": [10, -1.975, 7]},
			"faces": {
				"north": {"uv": [6, 0, 9, 2], "texture": "#0"},
				"east": {"uv": [9, 3, 10, 5], "texture": "#0"},
				"south": {"uv": [6, 2, 9, 4], "texture": "#0"},
				"west": {"uv": [9, 5, 10, 7], "texture": "#0"},
				"up": {"uv": [9, 9, 6, 8], "texture": "#0"},
				"down": {"uv": [12, 0, 9, 1], "texture": "#0"}
			}
		}
	],
	"display": {
		"thirdperson_righthand": {
			"rotation": [0, 26, 0],
			"translation": [0, 2.5, 1.25],
			"scale": [0.6, 0.6, 0.6]
		},
		"firstperson_righthand": {
			"rotation": [0, 7, 0],
			"translation": [13.25, -0.5, -11.5],
			"scale": [1.58, 1.3, 0.99]
		},
		"firstperson_lefthand": {
			"translation": [-9.25, 0.75, -1.75],
			"scale": [1, 1, 0.72]
		},
		"ground": {
			"rotation": [90, 0, 0],
			"translation": [0, -1, 1.5],
			"scale": [0.77, 0.81, 0.79]
		},
		"gui": {
			"rotation": [23, -22, 0],
			"translation": [0, 1.75, 0],
			"scale": [1.3, 1.3, 1.3]
		}
	}
}