{
	"credit": "Made with Blockbench",
	"texture_size": [32, 32],
	"textures": {
		"0": "block/bumaga_sam",
		"particle": "block/bumaga_sam"
	},
	"elements": [
		{
			"from": [8, 0.75, 5],
			"to": [8, 2, 14],
			"rotation": {"angle": 0, "axis": "y", "origin": [7, 0, 6]},
			"faces": {
				"north": {"uv": [0, 0, 0, 1], "texture": "#0"},
				"east": {"uv": [0, 6, 4.5, 7], "texture": "#0"},
				"south": {"uv": [0, 0, 0, 1], "texture": "#0"},
				"west": {"uv": [4.5, 6, 9, 7], "texture": "#0"},
				"up": {"uv": [0, 4.5, 0, 0], "texture": "#0"},
				"down": {"uv": [0, 0, 0, 4.5], "texture": "#0"}
			}
		},
		{
			"from": [3, 2, 2],
			"to": [13, 2, 14],
			"rotation": {"angle": 0, "axis": "y", "origin": [7, 2, 6]},
			"faces": {
				"north": {"uv": [0, 0, 5, 0], "texture": "#0"},
				"east": {"uv": [0, 0, 6, 0], "texture": "#0"},
				"south": {"uv": [0, 0, 5, 0], "texture": "#0"},
				"west": {"uv": [0, 0, 6, 0], "texture": "#0"},
				"up": {"uv": [5, 6, 0, 0], "texture": "#0"},
				"down": {"uv": [10, 0, 5, 6], "texture": "#0"}
			}
		}
	],
	"display": {
		"thirdperson_righthand": {
			"translation": [0, 3.25, -1],
			"scale": [0.5, 0.5, 0.5]
		},
		"thirdperson_lefthand": {
			"scale": [0, 0, 0]
		},
		"firstperson_righthand": {
			"translation": [-1.25, 8.5, -0.75],
			"scale": [0.7, 0.7, 0.7]
		},
		"ground": {
			"translation": [0, 3.25, 0],
			"scale": [0.7, 0.7, 0.7]
		},
		"gui": {
			"rotation": [25, 47, 0],
			"translation": [-1.5, 8, 0],
			"scale": [1.4, 1.4, 1.4]
		},
		"head": {
			"translation": [0, 1.25, 0]
		}
	}
}