{
	"credit": "Made with Blockbench",
	"textures": {
		"0": "block/camera5",
		"1": "block/zzz",
		"particle": "block/camera5"
	},
	"elements": [
		{
			"from": [3, 0, 3],
			"to": [13, 10, 13],
			"rotation": {"angle": 0, "axis": "y", "origin": [7, 0, 2]},
			"faces": {
				"north": {"uv": [0, 0, 5, 5], "texture": "#0"},
				"east": {"uv": [0, 5, 5, 10], "texture": "#0"},
				"south": {"uv": [5, 0, 10, 5], "texture": "#0"},
				"west": {"uv": [5, 5, 10, 10], "texture": "#0"},
				"up": {"uv": [5, 15, 0, 10], "texture": "#0"},
				"down": {"uv": [15, 0, 10, 5], "texture": "#0"}
			}
		},
		{
			"from": [3, 12, 6],
			"to": [3, 17, 11],
			"rotation": {"angle": 45, "axis": "y", "origin": [3, 12, 8]},
			"faces": {
				"north": {"uv": [0, 0, 0, 5], "texture": "#1"},
				"east": {"uv": [5, 0, 10, 5], "texture": "#1"},
				"south": {"uv": [0, 0, 0, 5], "texture": "#1"},
				"west": {"uv": [5, 5, 10, 10], "texture": "#1"},
				"up": {"uv": [0, 5, 0, 0], "texture": "#1"},
				"down": {"uv": [0, 0, 0, 5], "texture": "#1"}
			}
		},
		{
			"from": [3, 19, 3],
			"to": [3, 24, 8],
			"rotation": {"angle": -45, "axis": "y", "origin": [3, 19, 6]},
			"faces": {
				"north": {"uv": [0, 0, 0, 5], "texture": "#1"},
				"east": {"uv": [0, 10, 5, 15], "texture": "#1"},
				"south": {"uv": [0, 0, 0, 5], "texture": "#1"},
				"west": {"uv": [10, 0, 15, 5], "texture": "#1"},
				"up": {"uv": [0, 5, 0, 0], "texture": "#1"},
				"down": {"uv": [0, 0, 0, 5], "texture": "#1"}
			}
		},
		{
			"from": [1, 24, 11],
			"to": [6, 29, 11],
			"rotation": {"angle": 0, "axis": "y", "origin": [3, 24, 11]},
			"faces": {
				"north": {"uv": [0, 0, 5, 5], "texture": "#1"},
				"east": {"uv": [0, 0, 0, 5], "texture": "#1"},
				"south": {"uv": [0, 5, 5, 10], "texture": "#1"},
				"west": {"uv": [0, 0, 0, 5], "texture": "#1"},
				"up": {"uv": [5, 0, 0, 0], "texture": "#1"},
				"down": {"uv": [5, 0, 0, 0], "texture": "#1"}
			}
		}
	],
	"display": {
		"gui": {
			"rotation": [29, 145, 0],
			"translation": [0, 2.75, 0]
		}
	}
}