{
	"credit": "Made with Blockbench",
	"textures": {
		"0": "block/argemia_tex",
		"particle": "block/argemia_tex"
	},
	"elements": [
		{
			"name": "Body",
			"from": [5.54202, 0.25, 4.27118],
			"to": [10.54202, 8.5, 9.02118],
			"rotation": {"angle": 0, "axis": "y", "origin": [8.02101, -0.40074, 8.01059]},
			"faces": {
				"north": {"uv": [8, 8.75, 9.25, 10.875], "texture": "#0"},
				"east": {"uv": [8, 0, 9.625, 2.125], "texture": "#0"},
				"south": {"uv": [6.75, 8.25, 8, 10.375], "texture": "#0"},
				"west": {"uv": [7.5, 2.25, 9.125, 4.375], "texture": "#0"},
				"up": {"uv": [7.5, 3.875, 6.25, 2.25], "rotation": 180, "texture": "#0"},
				"down": {"uv": [2.75, 10.25, 1.5, 11.875], "rotation": 180, "texture": "#0"}
			}
		},
		{
			"name": "Body 2nd layer",
			"from": [5.29202, 0, 4.02118],
			"to": [10.79202, 8.75, 9.27118],
			"rotation": {"angle": 0, "axis": "y", "origin": [8.02101, -0.40074, 8.01059]},
			"faces": {
				"north": {"uv": [8.25, 6.5, 9.625, 8.625], "texture": "#0"},
				"east": {"uv": [6.25, 0, 8, 2.125], "texture": "#0"},
				"south": {"uv": [5.25, 8.25, 6.625, 10.375], "texture": "#0"},
				"west": {"uv": [3, 6, 4.75, 8.125], "texture": "#0"},
				"up": {"uv": [11.375, 5.5, 10, 3.75], "rotation": 180, "texture": "#0"},
				"down": {"uv": [1.375, 10.25, 0, 12], "rotation": 180, "texture": "#0"}
			}
		},
		{
			"name": "ArmL",
			"from": [0.30413, -1.25081, 5.52118],
			"to": [2.30413, 3.74919, 7.52118],
			"rotation": {"angle": -45, "axis": "z", "origin": [8.02101, -0.40074, 8.01059]},
			"faces": {
				"north": {"uv": [13, 1.25, 14.25, 1.75], "rotation": 90, "texture": "#0"},
				"east": {"uv": [14.25, 2.25, 13, 2.75], "rotation": 90, "texture": "#0"},
				"south": {"uv": [6.75, 10.5, 8, 11], "rotation": 270, "texture": "#0"},
				"west": {"uv": [14.25, 2.25, 13, 1.75], "rotation": 90, "texture": "#0"},
				"up": {"uv": [12.5, 14, 13, 14.5], "rotation": 270, "texture": "#0"},
				"down": {"uv": [14, 12.25, 14.5, 12.75], "rotation": 270, "texture": "#0"}
			}
		},
		{
			"name": "ArmL 2",
			"from": [0.05413, -1.50081, 5.27118],
			"to": [2.55413, 3.99919, 7.77118],
			"rotation": {"angle": -45, "axis": "z", "origin": [8.02101, -0.40074, 8.01059]},
			"faces": {
				"north": {"uv": [11, 12.25, 12.375, 12.875], "rotation": 90, "texture": "#0"},
				"east": {"uv": [13.875, 10.5, 12.5, 11.125], "rotation": 90, "texture": "#0"},
				"south": {"uv": [12.25, 9.75, 13.625, 10.375], "rotation": 270, "texture": "#0"},
				"west": {"uv": [5.375, 13.125, 4, 12.5], "rotation": 90, "texture": "#0"},
				"up": {"uv": [13.5, 5.5, 14.125, 6.125], "rotation": 270, "texture": "#0"},
				"down": {"uv": [3, 13.5, 3.625, 14.125], "rotation": 270, "texture": "#0"}
			}
		},
		{
			"name": "ArmR",
			"from": [13.7676, -1.28052, 5.52118],
			"to": [15.7676, 3.71948, 7.52118],
			"rotation": {"angle": 45, "axis": "z", "origin": [8.02101, -0.40074, 8.01059]},
			"faces": {
				"north": {"uv": [13, 1.75, 14.25, 1.25], "rotation": 90, "texture": "#0"},
				"east": {"uv": [14.25, 1.75, 13, 2.25], "rotation": 90, "texture": "#0"},
				"south": {"uv": [6.75, 11, 8, 10.5], "rotation": 270, "texture": "#0"},
				"west": {"uv": [14.25, 2.75, 13, 2.25], "rotation": 90, "texture": "#0"},
				"up": {"uv": [12.5, 14.5, 13, 14], "rotation": 270, "texture": "#0"},
				"down": {"uv": [14, 12.75, 14.5, 12.25], "rotation": 270, "texture": "#0"}
			}
		},
		{
			"name": "ArmR 2",
			"from": [13.5176, -1.53052, 5.27118],
			"to": [16.0176, 3.96948, 7.77118],
			"rotation": {"angle": 45, "axis": "z", "origin": [8.02101, -0.40074, 8.01059]},
			"faces": {
				"north": {"uv": [11, 12.875, 12.375, 12.25], "rotation": 90, "texture": "#0"},
				"east": {"uv": [5.375, 12.5, 4, 13.125], "rotation": 90, "texture": "#0"},
				"south": {"uv": [12.25, 10.375, 13.625, 9.75], "rotation": 270, "texture": "#0"},
				"west": {"uv": [13.875, 11.125, 12.5, 10.5], "rotation": 90, "texture": "#0"},
				"up": {"uv": [13.5, 6.125, 14.125, 5.5], "rotation": 270, "texture": "#0"},
				"down": {"uv": [3, 14.125, 3.625, 13.5], "rotation": 270, "texture": "#0"}
			}
		},
		{
			"name": "Head 2nd layer",
			"from": [4.54202, 8.25, 2.52118],
			"to": [11.54202, 16, 10.77118],
			"rotation": {"angle": 0, "axis": "y", "origin": [8.02101, -0.40074, 8.01059]},
			"faces": {
				"north": {"uv": [6.5, 6.25, 8.25, 8.25], "texture": "#0"},
				"east": {"uv": [3.5, 4, 5.625, 6], "texture": "#0"},
				"south": {"uv": [4.75, 6.25, 6.5, 8.25], "texture": "#0"},
				"west": {"uv": [1.25, 4, 3.375, 6], "texture": "#0"},
				"up": {"uv": [7.5, 6.125, 5.75, 4], "rotation": 180, "texture": "#0"},
				"down": {"uv": [3, 6, 1.25, 8.125], "rotation": 180, "texture": "#0"}
			}
		},
		{
			"name": "Head",
			"from": [4.79202, 8.5, 2.77118],
			"to": [11.29202, 15.75, 10.52118],
			"rotation": {"angle": 0, "axis": "y", "origin": [8.02101, -0.40074, 8.01059]},
			"faces": {
				"north": {"uv": [8.25, 4.5, 9.875, 6.375], "texture": "#0"},
				"east": {"uv": [4.25, 2, 6.25, 3.875], "texture": "#0"},
				"south": {"uv": [3.5, 8.25, 5.125, 10.125], "texture": "#0"},
				"west": {"uv": [4.25, 0, 6.25, 1.875], "texture": "#0"},
				"up": {"uv": [1.625, 10.25, 0, 8.25], "rotation": 180, "texture": "#0"},
				"down": {"uv": [3.375, 8.25, 1.75, 10.25], "rotation": 180, "texture": "#0"}
			}
		},
		{
			"name": "Ponytail1",
			"from": [5.79202, 2, 7.77118],
			"to": [10.29202, 17.5, 13.52118],
			"rotation": {"angle": 0, "axis": "y", "origin": [8.02101, -0.40074, 8.01059]},
			"faces": {
				"north": {"uv": [0, 4, 1.125, 7.875], "texture": "#0"},
				"east": {"uv": [1.5, 0, 3, 3.875], "texture": "#0"},
				"south": {"uv": [3, 0, 4.125, 3.875], "texture": "#0"},
				"west": {"uv": [0, 0, 1.5, 3.875], "texture": "#0"},
				"up": {"uv": [12.375, 12.25, 11.25, 10.75], "rotation": 180, "texture": "#0"},
				"down": {"uv": [12.625, 0, 11.5, 1.5], "rotation": 180, "texture": "#0"}
			}
		},
		{
			"name": "Ponytail2",
			"from": [5.79202, 1.91561, 10.84195],
			"to": [10.29202, 5.66561, 17.09195],
			"rotation": {"angle": 22.5, "axis": "x", "origin": [8.02101, -0.40074, 8.01059]},
			"faces": {
				"north": {"uv": [11.5, 6.5, 12.625, 7.5], "texture": "#0"},
				"east": {"uv": [4, 11.5, 5.625, 12.5], "texture": "#0"},
				"south": {"uv": [11.5, 4.5, 12.625, 5.5], "texture": "#0"},
				"west": {"uv": [11.5, 3.5, 13.125, 4.5], "texture": "#0"},
				"up": {"uv": [3.875, 12.875, 2.75, 11.25], "rotation": 180, "texture": "#0"},
				"down": {"uv": [9.875, 11.25, 8.75, 12.875], "rotation": 180, "texture": "#0"}
			}
		},
		{
			"from": [6.04202, 4.05457, -3.74622],
			"to": [10.04202, 11.05457, -3.74622],
			"rotation": {"angle": 22.5, "axis": "x", "origin": [8.02101, -0.40074, 8.01059]},
			"faces": {
				"north": {"uv": [12.25, 10.75, 11.25, 9], "texture": "#0"},
				"east": {"uv": [0, 0, 1.75, 0], "rotation": 90, "texture": "#0"},
				"south": {"uv": [11, 11.25, 10, 13], "rotation": 180, "texture": "#0"},
				"west": {"uv": [0, 0, 1.75, 0], "rotation": 270, "texture": "#0"},
				"up": {"uv": [0, 0, 1, 0], "texture": "#0"},
				"down": {"uv": [0, 0, 1, 0], "rotation": 180, "texture": "#0"}
			}
		},
		{
			"from": [6.04202, 5.62634, -7.2287],
			"to": [10.04202, 5.62634, -5.2287],
			"rotation": {"angle": 45, "axis": "x", "origin": [8.02101, -0.40074, 8.01059]},
			"faces": {
				"north": {"uv": [0, 0, 1, 0], "texture": "#0"},
				"east": {"uv": [0, 0, 0.5, 0], "texture": "#0"},
				"south": {"uv": [0, 0, 1, 0], "texture": "#0"},
				"west": {"uv": [0, 0, 0.5, 0], "texture": "#0"},
				"up": {"uv": [14.25, 6.75, 13.25, 6.25], "rotation": 180, "texture": "#0"},
				"down": {"uv": [14.25, 6.75, 13.25, 7.25], "rotation": 180, "texture": "#0"}
			}
		},
		{
			"from": [-6.12505, 10.29519, 2.38268],
			"to": [1.87495, 14.29519, 2.38268],
			"rotation": {"angle": -22.5, "axis": "z", "origin": [8.02101, -0.40074, 8.01059]},
			"faces": {
				"north": {"uv": [2.75, 10.25, 4.75, 11.25], "texture": "#0"},
				"east": {"uv": [0, 0, 0, 1], "texture": "#0"},
				"south": {"uv": [10, 5.5, 12, 6.5], "texture": "#0"},
				"west": {"uv": [0, 0, 0, 1], "texture": "#0"},
				"up": {"uv": [2, 0, 0, 0], "rotation": 180, "texture": "#0"},
				"down": {"uv": [2, 0, 0, 0], "rotation": 180, "texture": "#0"}
			}
		},
		{
			"from": [1.85399, 8.32879, 2.63125],
			"to": [9.85399, 12.32879, 2.63125],
			"rotation": {"angle": 22.5, "axis": "z", "origin": [8.02101, -0.40074, 8.01059]},
			"faces": {
				"north": {"uv": [4.75, 10.5, 6.75, 11.5], "texture": "#0"},
				"east": {"uv": [0, 0, 0, 1], "texture": "#0"},
				"south": {"uv": [9.25, 10.25, 11.25, 11.25], "texture": "#0"},
				"west": {"uv": [0, 0, 0, 1], "texture": "#0"},
				"up": {"uv": [2, 0, 0, 0], "rotation": 180, "texture": "#0"},
				"down": {"uv": [2, 0, 0, 0], "rotation": 180, "texture": "#0"}
			}
		},
		{
			"from": [14.2059, 10.27911, 2.38268],
			"to": [22.2059, 14.27911, 2.38268],
			"rotation": {"angle": 22.5, "axis": "z", "origin": [8.02101, -0.40074, 8.01059]},
			"faces": {
				"north": {"uv": [4.75, 10.25, 2.75, 11.25], "texture": "#0"},
				"east": {"uv": [0, 0, 0, 1], "texture": "#0"},
				"south": {"uv": [12, 5.5, 10, 6.5], "texture": "#0"},
				"west": {"uv": [0, 0, 0, 1], "texture": "#0"},
				"up": {"uv": [0, 0, 2, 0], "rotation": 180, "texture": "#0"},
				"down": {"uv": [0, 0, 2, 0], "rotation": 180, "texture": "#0"}
			}
		},
		{
			"from": [6.22685, 8.34487, 2.63125],
			"to": [14.22685, 12.34487, 2.63125],
			"rotation": {"angle": -22.5, "axis": "z", "origin": [8.02101, -0.40074, 8.01059]},
			"faces": {
				"north": {"uv": [6.75, 10.5, 4.75, 11.5], "texture": "#0"},
				"east": {"uv": [0, 0, 0, 1], "texture": "#0"},
				"south": {"uv": [11.25, 10.25, 9.25, 11.25], "texture": "#0"},
				"west": {"uv": [0, 0, 0, 1], "texture": "#0"},
				"up": {"uv": [0, 0, 2, 0], "rotation": 180, "texture": "#0"},
				"down": {"uv": [0, 0, 2, 0], "rotation": 180, "texture": "#0"}
			}
		},
		{
			"from": [4.19347, 8, 5.52206],
			"to": [4.19347, 14, 12.27206],
			"rotation": {"angle": -22.5, "axis": "y", "origin": [8.02101, -0.40074, 8.01059]},
			"faces": {
				"north": {"uv": [0, 0, 0, 1.5], "texture": "#0"},
				"east": {"uv": [9.25, 8.75, 11, 10.25], "texture": "#0"},
				"south": {"uv": [0, 0, 0, 1.5], "texture": "#0"},
				"west": {"uv": [9.25, 2.25, 11, 3.75], "texture": "#0"},
				"up": {"uv": [0, 1.75, 0, 0], "rotation": 180, "texture": "#0"},
				"down": {"uv": [0, 0, 0, 1.75], "rotation": 180, "texture": "#0"}
			}
		},
		{
			"from": [11.88737, 8, 5.53814],
			"to": [11.88737, 14, 12.28814],
			"rotation": {"angle": 22.5, "axis": "y", "origin": [8.02101, -0.40074, 8.01059]},
			"faces": {
				"north": {"uv": [0, 0, 0, 1.5], "texture": "#0"},
				"east": {"uv": [11, 2.25, 9.25, 3.75], "texture": "#0"},
				"south": {"uv": [0, 0, 0, 1.5], "texture": "#0"},
				"west": {"uv": [11, 8.75, 9.25, 10.25], "texture": "#0"},
				"up": {"uv": [0, 1.75, 0, 0], "rotation": 180, "texture": "#0"},
				"down": {"uv": [0, 0, 0, 1.75], "rotation": 180, "texture": "#0"}
			}
		},
		{
			"from": [7.89959, 0, 8.02927],
			"to": [9.89959, 2, 13.02927],
			"rotation": {"angle": -22.5, "axis": "y", "origin": [8.02101, -0.40074, 8.01059]},
			"faces": {
				"north": {"uv": [1.5, 14, 2, 14.5], "texture": "#0"},
				"east": {"uv": [9.75, 8, 11, 8.5], "texture": "#0"},
				"south": {"uv": [5, 13.25, 5.5, 13.75], "texture": "#0"},
				"west": {"uv": [9.75, 1.5, 11, 2], "texture": "#0"},
				"up": {"uv": [13.25, 7.5, 12.75, 6.25], "rotation": 180, "texture": "#0"},
				"down": {"uv": [13, 12.75, 12.5, 14], "rotation": 180, "texture": "#0"}
			}
		},
		{
			"from": [4.98269, 0, 12.66008],
			"to": [8.98269, 2, 14.66008],
			"rotation": {"angle": -45, "axis": "y", "origin": [8.02101, -0.40074, 8.01059]},
			"faces": {
				"north": {"uv": [13.25, 3.25, 14.25, 3.75], "texture": "#0"},
				"east": {"uv": [2.5, 14, 3, 14.5], "texture": "#0"},
				"south": {"uv": [13, 12.75, 14, 13.25], "texture": "#0"},
				"west": {"uv": [2, 14, 2.5, 14.5], "texture": "#0"},
				"up": {"uv": [14.25, 4.25, 13.25, 3.75], "rotation": 180, "texture": "#0"},
				"down": {"uv": [5, 13.25, 4, 13.75], "rotation": 180, "texture": "#0"}
			}
		},
		{
			"from": [4.16331, 0, 11.47948],
			"to": [7.76331, 2, 13.47948],
			"rotation": {"angle": 0, "axis": "y", "origin": [8.02101, -0.40074, 8.01059]},
			"faces": {
				"north": {"uv": [0, 13.5, 0.875, 14], "texture": "#0"},
				"east": {"uv": [14, 10.75, 14.5, 11.25], "texture": "#0"},
				"south": {"uv": [13, 13.25, 13.875, 13.75], "texture": "#0"},
				"west": {"uv": [14, 10.25, 14.5, 10.75], "texture": "#0"},
				"up": {"uv": [1.875, 14, 1, 13.5], "rotation": 180, "texture": "#0"},
				"down": {"uv": [2.875, 13.5, 2, 14], "rotation": 180, "texture": "#0"}
			}
		},
		{
			"from": [1.09202, 0, 6.27118],
			"to": [3.09202, 2, 10.52118],
			"rotation": {"angle": 0, "axis": "y", "origin": [8.02101, -0.40074, 8.01059]},
			"faces": {
				"north": {"uv": [14, 11.75, 14.5, 12.25], "texture": "#0"},
				"east": {"uv": [8.75, 13, 9.875, 13.5], "texture": "#0"},
				"south": {"uv": [14, 11.25, 14.5, 11.75], "texture": "#0"},
				"west": {"uv": [13, 8.5, 14.125, 9], "texture": "#0"},
				"up": {"uv": [6, 14.125, 5.5, 13], "rotation": 180, "texture": "#0"},
				"down": {"uv": [6.5, 13, 6, 14.125], "rotation": 180, "texture": "#0"}
			}
		},
		{
			"from": [3.29202, -2.74317, 0.28846],
			"to": [6.29202, 0.25683, 6.28846],
			"rotation": {"angle": 45, "axis": "x", "origin": [8.02101, -0.40074, 8.01059]},
			"faces": {
				"north": {"uv": [11.5, 13, 12.25, 13.75], "texture": "#0"},
				"east": {"uv": [12.25, 9, 13.75, 9.75], "texture": "#0"},
				"south": {"uv": [10.75, 13, 11.5, 13.75], "texture": "#0"},
				"west": {"uv": [6.5, 12, 8, 12.75], "texture": "#0"},
				"up": {"uv": [2.25, 13.5, 1.5, 12], "rotation": 180, "texture": "#0"},
				"down": {"uv": [8.75, 12, 8, 13.5], "rotation": 180, "texture": "#0"}
			}
		},
		{
			"from": [3.54202, -1.83574, 0.26077],
			"to": [6.04202, 0.16426, 2.76077],
			"rotation": {"angle": 22.5, "axis": "x", "origin": [8.02101, -0.40074, 8.01059]},
			"faces": {
				"north": {"uv": [0, 14, 0.625, 14.5], "texture": "#0"},
				"east": {"uv": [0.75, 14, 1.375, 14.5], "texture": "#0"},
				"south": {"uv": [13, 13.75, 13.625, 14.25], "texture": "#0"},
				"west": {"uv": [13.75, 13.75, 14.375, 14.25], "texture": "#0"},
				"up": {"uv": [4.375, 14.375, 3.75, 13.75], "rotation": 180, "texture": "#0"},
				"down": {"uv": [5.125, 13.75, 4.5, 14.375], "rotation": 180, "texture": "#0"}
			}
		},
		{
			"from": [3.79202, 0.15035, -2.66467],
			"to": [5.79202, 2.15035, 2.83533],
			"rotation": {"angle": 0, "axis": "y", "origin": [8.02101, -0.40074, 8.01059]},
			"faces": {
				"north": {"uv": [14.25, 0.5, 14.75, 1], "texture": "#0"},
				"east": {"uv": [12.75, 5, 14.125, 5.5], "texture": "#0"},
				"south": {"uv": [14.25, 0, 14.75, 0.5], "texture": "#0"},
				"west": {"uv": [12.75, 4.5, 14.125, 5], "texture": "#0"},
				"up": {"uv": [7.5, 14.125, 7, 12.75], "rotation": 180, "texture": "#0"},
				"down": {"uv": [8, 12.75, 7.5, 14.125], "rotation": 180, "texture": "#0"}
			}
		},
		{
			"from": [9.79202, -2.74317, 0.28846],
			"to": [12.79202, 0.25683, 6.28846],
			"rotation": {"angle": 45, "axis": "x", "origin": [8.02101, -0.40074, 8.01059]},
			"faces": {
				"north": {"uv": [12.25, 13, 11.5, 13.75], "texture": "#0"},
				"east": {"uv": [8, 12, 6.5, 12.75], "texture": "#0"},
				"south": {"uv": [11.5, 13, 10.75, 13.75], "texture": "#0"},
				"west": {"uv": [13.75, 9, 12.25, 9.75], "texture": "#0"},
				"up": {"uv": [1.5, 13.5, 2.25, 12], "rotation": 180, "texture": "#0"},
				"down": {"uv": [8, 12, 8.75, 13.5], "rotation": 180, "texture": "#0"}
			}
		},
		{
			"from": [10.04202, -1.83574, 0.26077],
			"to": [12.54202, 0.16426, 2.76077],
			"rotation": {"angle": 22.5, "axis": "x", "origin": [8.02101, -0.40074, 8.01059]},
			"faces": {
				"north": {"uv": [0.625, 14, 0, 14.5], "texture": "#0"},
				"east": {"uv": [14.375, 13.75, 13.75, 14.25], "texture": "#0"},
				"south": {"uv": [13.625, 13.75, 13, 14.25], "texture": "#0"},
				"west": {"uv": [1.375, 14, 0.75, 14.5], "texture": "#0"},
				"up": {"uv": [3.75, 14.375, 4.375, 13.75], "rotation": 180, "texture": "#0"},
				"down": {"uv": [4.5, 13.75, 5.125, 14.375], "rotation": 180, "texture": "#0"}
			}
		},
		{
			"from": [10.29202, 0.15035, -2.66467],
			"to": [12.29202, 2.15035, 2.83533],
			"rotation": {"angle": 0, "axis": "y", "origin": [8.02101, -0.40074, 8.01059]},
			"faces": {
				"north": {"uv": [14.75, 0.5, 14.25, 1], "texture": "#0"},
				"east": {"uv": [14.125, 4.5, 12.75, 5], "texture": "#0"},
				"south": {"uv": [14.75, 0, 14.25, 0.5], "texture": "#0"},
				"west": {"uv": [14.125, 5, 12.75, 5.5], "texture": "#0"},
				"up": {"uv": [7, 14.125, 7.5, 12.75], "rotation": 180, "texture": "#0"},
				"down": {"uv": [7.5, 12.75, 8, 14.125], "rotation": 180, "texture": "#0"}
			}
		}
	],
	"display": {
		"thirdperson_righthand": {
			"rotation": [66, 0, 0],
			"translation": [0, 1.5, 1],
			"scale": [0.5, 0.5, 0.5]
		},
		"thirdperson_lefthand": {
			"rotation": [66, 0, 0],
			"translation": [0, 1.5, 1],
			"scale": [0.5, 0.5, 0.5]
		},
		"firstperson_righthand": {
			"rotation": [0, 113, 0],
			"translation": [9, 2.75, -9.75]
		},
		"firstperson_lefthand": {
			"rotation": [0, 113, 0],
			"translation": [9, 2.75, -9.5]
		},
		"ground": {
			"translation": [0, 1, 0],
			"scale": [0.5, 0.5, 0.5]
		},
		"gui": {
			"rotation": [20, 143, 0],
			"translation": [1, 0.25, 0],
			"scale": [0.8, 0.8, 0.8]
		},
		"head": {
			"translation": [0, 14.25, 1.25]
		},
		"fixed": {
			"rotation": [-90, 0, 0],
			"translation": [0, 0, -8]
		}
	},
	"groups": [
		{
			"name": "small_amethyst_bud",
			"origin": [8, 8, 8],
			"color": 0,
			"children": [
				{
					"name": "Argemia",
					"origin": [0, 0, 0],
					"color": 8,
					"children": [
						{
							"name": "Body",
							"origin": [0, 0, 2.5],
							"color": 8,
							"children": [0, 1]
						},
						{
							"name": "LeftArm",
							"origin": [3.328, 4.78812, 0.5],
							"color": 8,
							"children": [2, 3]
						},
						{
							"name": "RightArm",
							"origin": [3.328, 4.78812, 0.5],
							"color": 8,
							"children": [4, 5]
						},
						{
							"name": "Head",
							"origin": [0, 0, 2.5],
							"color": 8,
							"children": [
								6,
								7,
								8,
								9,
								{
									"name": "bone3",
									"origin": [0, 14.25589, 5.0355],
									"color": 8,
									"children": [10, 11]
								},
								{
									"name": "bone",
									"origin": [-4.80423, 14.2777, 4.5],
									"color": 8,
									"children": [12, 13, 14, 15]
								},
								{
									"name": "bone2",
									"origin": [0, 0, 2.5],
									"color": 8,
									"children": [16, 17]
								}
							]
						},
						{
							"name": "Tail",
							"origin": [-3.328, 4.78812, 1.5],
							"color": 8,
							"children": [18, 19, 20, 21]
						},
						{
							"name": "LeftLeg",
							"origin": [4.5, 3.11838, 5.67599],
							"color": 8,
							"children": [22, 23, 24]
						},
						{
							"name": "RightLeg",
							"origin": [4.5, 3.11838, 5.67599],
							"color": 8,
							"children": [25, 26, 27]
						}
					]
				}
			]
		}
	]
}