{
	"credit": "Made with Blockbench",
	"texture_size": [32, 32],
	"textures": {
		"0": "block/potion",
		"particle": "block/potion"
	},
	"elements": [
		{
			"from": [6.75, 0, 6.75],
			"to": [9.25, 7, 9.25],
			"rotation": {"angle": 0, "axis": "y", "origin": [7, 0, 7]},
			"faces": {
				"north": {"uv": [0, 0, 1.5, 3.5], "texture": "#0"},
				"east": {"uv": [1.5, 0, 3, 3.5], "texture": "#0"},
				"south": {"uv": [3, 0, 4.5, 3.5], "texture": "#0"},
				"west": {"uv": [0, 3.5, 1.5, 7], "texture": "#0"},
				"up": {"uv": [5, 7, 3.5, 5.5], "texture": "#0"},
				"down": {"uv": [7, 3.5, 5.5, 5], "texture": "#0"}
			}
		},
		{
			"from": [6.25, 7, 6.25],
			"to": [9.75, 8, 9.75],
			"rotation": {"angle": 0, "axis": "y", "origin": [7, 2, 7]},
			"faces": {
				"north": {"uv": [7, 4, 9, 4.5], "texture": "#0"},
				"east": {"uv": [7, 4.5, 9, 5], "texture": "#0"},
				"south": {"uv": [7, 5, 9, 5.5], "texture": "#0"},
				"west": {"uv": [7, 5.5, 9, 6], "texture": "#0"},
				"up": {"uv": [3.5, 5.5, 1.5, 3.5], "texture": "#0"},
				"down": {"uv": [5.5, 3.5, 3.5, 5.5], "texture": "#0"}
			}
		},
		{
			"from": [7, 6.825, 7],
			"to": [9, 9.325, 9],
			"rotation": {"angle": 0, "axis": "y", "origin": [7, 1.825, 7]},
			"faces": {
				"north": {"uv": [5, 5.5, 6, 7], "texture": "#0"},
				"east": {"uv": [6, 5, 7, 6.5], "texture": "#0"},
				"south": {"uv": [6.5, 0, 7.5, 1.5], "texture": "#0"},
				"west": {"uv": [6.5, 1.5, 7.5, 3], "texture": "#0"},
				"up": {"uv": [8, 4, 7, 3], "texture": "#0"},
				"down": {"uv": [4.5, 7, 3.5, 8], "texture": "#0"}
			}
		}
	],
	"display": {
		"thirdperson_righthand": {
			"translation": [0, 2, 0],
			"scale": [0.7, 0.7, 0.7]
		},
		"firstperson_righthand": {
			"translation": [8.5, 0.5, -6.75],
			"scale": [0.9, 1.16, 0.9]
		},
		"ground": {
			"rotation": [90, 0, 0],
			"translation": [0, 0, 3]
		},
		"gui": {
			"rotation": [31, -51, 0],
			"translation": [0, 4.5, 0],
			"scale": [1.26, 1.63, 1.26]
		}
	}
}