{
	"credit": "Made with Blockbench",
	"texture_size": [32, 32],
	"textures": {
		"0": "block/black_hole",
		"particle": "block/black_hole"
	},
	"elements": [
		{
			"from": [15.75, 0, 5],
			"to": [16, 0.5, 11.125],
			"rotation": {"angle": 0, "axis": "y", "origin": [15, 0, 7]},
			"faces": {
				"north": {"uv": [1, 5.5, 1.5, 6], "texture": "#0"},
				"east": {"uv": [3.5, 0.5, 6.5, 1], "texture": "#0"},
				"south": {"uv": [1.5, 5.5, 2, 6], "texture": "#0"},
				"west": {"uv": [4, 3.5, 7, 4], "texture": "#0"},
				"up": {"uv": [4.5, 7, 4, 4], "texture": "#0"},
				"down": {"uv": [0.5, 4.5, 0, 7.5], "texture": "#0"}
			}
		},
		{
			"from": [15.75, 0, -1.575],
			"to": [16, 0.5, 5.825],
			"rotation": {"angle": 45, "axis": "y", "origin": [15, 0, 5.425]},
			"faces": {
				"north": {"uv": [1, 6, 1.5, 6.5], "texture": "#0"},
				"east": {"uv": [0, 0, 3.5, 0.5], "texture": "#0"},
				"south": {"uv": [1.5, 6, 2, 6.5], "texture": "#0"},
				"west": {"uv": [0, 0.5, 3.5, 1], "texture": "#0"},
				"up": {"uv": [0.5, 4.5, 0, 1], "texture": "#0"},
				"down": {"uv": [1, 1, 0.5, 4.5], "texture": "#0"}
			}
		},
		{
			"from": [0.3, 0, -2.3],
			"to": [0.55, 0.5, 5.125],
			"rotation": {"angle": -45, "axis": "y", "origin": [0.3, 0, 4.7]},
			"faces": {
				"north": {"uv": [5.5, 6.5, 6, 7], "texture": "#0"},
				"east": {"uv": [3, 3, 6.5, 3.5], "texture": "#0"},
				"south": {"uv": [6, 6.5, 6.5, 7], "texture": "#0"},
				"west": {"uv": [3.5, 0, 7, 0.5], "texture": "#0"},
				"up": {"uv": [3.5, 7, 3, 3.5], "texture": "#0"},
				"down": {"uv": [4, 3.5, 3.5, 7], "texture": "#0"}
			}
		},
		{
			"from": [5.225, 0, -0.225],
			"to": [10.8, 0.5, 0.025],
			"rotation": {"angle": 0, "axis": "y", "origin": [4.3, 0, -0.225]},
			"faces": {
				"north": {"uv": [5, 4, 8, 4.5], "texture": "#0"},
				"east": {"uv": [6.5, 6.5, 7, 7], "texture": "#0"},
				"south": {"uv": [5, 4.5, 8, 5], "texture": "#0"},
				"west": {"uv": [7, 0, 7.5, 0.5], "texture": "#0"},
				"up": {"uv": [8, 5.5, 5, 5], "texture": "#0"},
				"down": {"uv": [8.5, 2, 5.5, 2.5], "texture": "#0"}
			}
		},
		{
			"from": [5.225, 0, 16.075],
			"to": [10.8, 0.5, 16.325],
			"rotation": {"angle": 0, "axis": "y", "origin": [4.3, 0, 15.325]},
			"faces": {
				"north": {"uv": [5.5, 2.5, 8.5, 3], "texture": "#0"},
				"east": {"uv": [1, 7, 1.5, 7.5], "texture": "#0"},
				"south": {"uv": [5, 5.5, 8, 6], "texture": "#0"},
				"west": {"uv": [1.5, 7, 2, 7.5], "texture": "#0"},
				"up": {"uv": [8, 6.5, 5, 6], "texture": "#0"},
				"down": {"uv": [9.5, 0.5, 6.5, 1], "texture": "#0"}
			}
		},
		{
			"from": [0, 0, 5],
			"to": [0.25, 0.5, 11.125],
			"rotation": {"angle": 0, "axis": "y", "origin": [0, 0, 7]},
			"faces": {
				"north": {"uv": [6.5, 3, 7, 3.5], "texture": "#0"},
				"east": {"uv": [4.5, 1, 7.5, 1.5], "texture": "#0"},
				"south": {"uv": [5, 6.5, 5.5, 7], "texture": "#0"},
				"west": {"uv": [4.5, 1.5, 7.5, 2], "texture": "#0"},
				"up": {"uv": [1, 7.5, 0.5, 4.5], "texture": "#0"},
				"down": {"uv": [5, 4, 4.5, 7], "texture": "#0"}
			}
		},
		{
			"from": [4.925, 0, 9.075],
			"to": [5.175, 0.5, 16.475],
			"rotation": {"angle": 45, "axis": "y", "origin": [4.925, 0, 16.075]},
			"faces": {
				"north": {"uv": [2, 6.5, 2.5, 7], "texture": "#0"},
				"east": {"uv": [2, 2, 5.5, 2.5], "texture": "#0"},
				"south": {"uv": [2.5, 6.5, 3, 7], "texture": "#0"},
				"west": {"uv": [2, 2.5, 5.5, 3], "texture": "#0"},
				"up": {"uv": [2.5, 6.5, 2, 3], "texture": "#0"},
				"down": {"uv": [3, 3, 2.5, 6.5], "texture": "#0"}
			}
		},
		{
			"from": [11.1, 0, 8.35],
			"to": [11.35, 0.5, 15.75],
			"rotation": {"angle": -45, "axis": "y", "origin": [10.35, 0, 15.35]},
			"faces": {
				"north": {"uv": [1, 6.5, 1.5, 7], "texture": "#0"},
				"east": {"uv": [1, 1, 4.5, 1.5], "texture": "#0"},
				"south": {"uv": [1.5, 6.5, 2, 7], "texture": "#0"},
				"west": {"uv": [1, 1.5, 4.5, 2], "texture": "#0"},
				"up": {"uv": [1.5, 5.5, 1, 2], "texture": "#0"},
				"down": {"uv": [2, 2, 1.5, 5.5], "texture": "#0"}
			}
		}
	],
	"display": {
		"gui": {
			"rotation": [34, 16, 0],
			"translation": [0, 5.75, 0]
		}
	}
}