{
	"credit": "Made with Blockbench",
	"textures": {
		"0": "block/batut",
		"1": "block/air_batut",
		"particle": "block/batut"
	},
	"elements": [
		{
			"from": [0, 7, 0],
			"to": [16, 8, 1],
			"rotation": {"angle": 0, "axis": "y", "origin": [0, 7, 0]},
			"faces": {
				"north": {"uv": [5, 2.25, 9, 2.5], "texture": "#0"},
				"east": {"uv": [6.5, 2, 6.75, 2.25], "texture": "#0"},
				"south": {"uv": [5, 2.5, 9, 2.75], "texture": "#0"},
				"west": {"uv": [6.75, 2, 7, 2.25], "texture": "#0"},
				"up": {"uv": [9, 3, 5, 2.75], "texture": "#0"},
				"down": {"uv": [9, 3, 5, 3.25], "texture": "#0"}
			}
		},
		{
			"from": [0, 7, 15],
			"to": [16, 8, 16],
			"rotation": {"angle": 0, "axis": "y", "origin": [0, 7, 14]},
			"faces": {
				"north": {"uv": [5, 3.25, 9, 3.5], "texture": "#0"},
				"east": {"uv": [4.75, 6.75, 5, 7], "texture": "#0"},
				"south": {"uv": [5, 3.5, 9, 3.75], "texture": "#0"},
				"west": {"uv": [6.75, 4.75, 7, 5], "texture": "#0"},
				"up": {"uv": [9, 4, 5, 3.75], "texture": "#0"},
				"down": {"uv": [9, 4, 5, 4.25], "texture": "#0"}
			}
		},
		{
			"from": [15, 7, 1],
			"to": [16, 8, 15],
			"rotation": {"angle": 0, "axis": "y", "origin": [0, 7, 13]},
			"faces": {
				"north": {"uv": [6.75, 5, 7, 5.25], "texture": "#0"},
				"east": {"uv": [5, 4.25, 8.5, 4.5], "texture": "#0"},
				"south": {"uv": [6.75, 5.25, 7, 5.5], "texture": "#0"},
				"west": {"uv": [5, 4.5, 8.5, 4.75], "texture": "#0"},
				"up": {"uv": [5.25, 8.25, 5, 4.75], "texture": "#0"},
				"down": {"uv": [5.5, 4.75, 5.25, 8.25], "texture": "#0"}
			}
		},
		{
			"from": [0, 7, 1],
			"to": [1, 8, 15],
			"rotation": {"angle": 0, "axis": "y", "origin": [-15, 7, 13]},
			"faces": {
				"north": {"uv": [6.75, 5.5, 7, 5.75], "texture": "#0"},
				"east": {"uv": [5.5, 0, 9, 0.25], "texture": "#0"},
				"south": {"uv": [6.75, 5.75, 7, 6], "texture": "#0"},
				"west": {"uv": [5.5, 0.25, 9, 0.5], "texture": "#0"},
				"up": {"uv": [5.75, 8.25, 5.5, 4.75], "texture": "#0"},
				"down": {"uv": [6, 4.75, 5.75, 8.25], "texture": "#0"}
			}
		},
		{
			"from": [1, 7.25, 1],
			"to": [15, 7.75, 15],
			"rotation": {"angle": 0, "axis": "y", "origin": [-14, 7, 13]},
			"faces": {
				"north": {"uv": [5.5, 0.5, 9, 0.75], "texture": "#0"},
				"east": {"uv": [5.5, 0.75, 9, 1], "texture": "#0"},
				"south": {"uv": [5.5, 1, 9, 1.25], "texture": "#0"},
				"west": {"uv": [5.5, 1.25, 9, 1.5], "texture": "#0"},
				"up": {"uv": [3.5, 3.5, 0, 0], "texture": "#0"},
				"down": {"uv": [3.5, 0, 0, 3.5], "texture": "#0"}
			}
		},
		{
			"from": [0.25, 6.7, 0],
			"to": [1.25, 7, 1],
			"rotation": {"angle": 0, "axis": "y", "origin": [0.25, 5, 0]},
			"faces": {
				"north": {"uv": [5, 0, 6, 3], "texture": "#1"},
				"east": {"uv": [5, 3, 6, 6], "texture": "#1"},
				"south": {"uv": [6, 0, 7, 3], "texture": "#1"},
				"west": {"uv": [6, 3, 7, 6], "texture": "#1"},
				"up": {"uv": [8, 5, 7, 4], "texture": "#1"},
				"down": {"uv": [8, 5, 7, 6], "texture": "#1"}
			}
		},
		{
			"from": [-2.5, 6.625, 12.25],
			"to": [4, 6.625, 18.75],
			"rotation": {"angle": 0, "axis": "y", "origin": [0.25, 7.625, 15]},
			"faces": {
				"north": {"uv": [0, 0, 5, 0], "texture": "#1"},
				"east": {"uv": [0, 0, 5, 0], "texture": "#1"},
				"south": {"uv": [0, 0, 5, 0], "texture": "#1"},
				"west": {"uv": [0, 0, 5, 0], "texture": "#1"},
				"up": {"uv": [5, 5, 0, 0], "texture": "#1"},
				"down": {"uv": [5, 5, 0, 10], "texture": "#1"}
			}
		},
		{
			"from": [0.25, 6.7, 15],
			"to": [1.25, 7, 16],
			"rotation": {"angle": 0, "axis": "y", "origin": [0.25, 5, 15]},
			"faces": {
				"north": {"uv": [5, 0, 6, 3], "texture": "#1"},
				"east": {"uv": [5, 3, 6, 6], "texture": "#1"},
				"south": {"uv": [6, 0, 7, 3], "texture": "#1"},
				"west": {"uv": [6, 3, 7, 6], "texture": "#1"},
				"up": {"uv": [8, 5, 7, 4], "texture": "#1"},
				"down": {"uv": [8, 5, 7, 6], "texture": "#1"}
			}
		},
		{
			"from": [12, 6.625, 12.25],
			"to": [18.5, 6.625, 18.75],
			"rotation": {"angle": 0, "axis": "y", "origin": [14.75, 7.625, 15]},
			"faces": {
				"north": {"uv": [0, 0, 5, 0], "texture": "#1"},
				"east": {"uv": [0, 0, 5, 0], "texture": "#1"},
				"south": {"uv": [0, 0, 5, 0], "texture": "#1"},
				"west": {"uv": [0, 0, 5, 0], "texture": "#1"},
				"up": {"uv": [5, 5, 0, 0], "texture": "#1"},
				"down": {"uv": [5, 5, 0, 10], "texture": "#1"}
			}
		},
		{
			"from": [14.75, 6.7, 15],
			"to": [15.75, 7, 16],
			"rotation": {"angle": 0, "axis": "y", "origin": [14.75, 5, 15]},
			"faces": {
				"north": {"uv": [5, 0, 6, 3], "texture": "#1"},
				"east": {"uv": [5, 3, 6, 6], "texture": "#1"},
				"south": {"uv": [6, 0, 7, 3], "texture": "#1"},
				"west": {"uv": [6, 3, 7, 6], "texture": "#1"},
				"up": {"uv": [8, 5, 7, 4], "texture": "#1"},
				"down": {"uv": [8, 5, 7, 6], "texture": "#1"}
			}
		},
		{
			"from": [12, 6.625, -2.75],
			"to": [18.5, 6.625, 3.75],
			"rotation": {"angle": 0, "axis": "y", "origin": [14.75, 7.625, 0]},
			"faces": {
				"north": {"uv": [0, 0, 5, 0], "texture": "#1"},
				"east": {"uv": [0, 0, 5, 0], "texture": "#1"},
				"south": {"uv": [0, 0, 5, 0], "texture": "#1"},
				"west": {"uv": [0, 0, 5, 0], "texture": "#1"},
				"up": {"uv": [5, 5, 0, 0], "texture": "#1"},
				"down": {"uv": [5, 5, 0, 10], "texture": "#1"}
			}
		},
		{
			"from": [14.75, 6.7, 0],
			"to": [15.75, 7, 1],
			"rotation": {"angle": 0, "axis": "y", "origin": [14.75, 5, 0]},
			"faces": {
				"north": {"uv": [5, 0, 6, 3], "texture": "#1"},
				"east": {"uv": [5, 3, 6, 6], "texture": "#1"},
				"south": {"uv": [6, 0, 7, 3], "texture": "#1"},
				"west": {"uv": [6, 3, 7, 6], "texture": "#1"},
				"up": {"uv": [8, 5, 7, 4], "texture": "#1"},
				"down": {"uv": [8, 5, 7, 6], "texture": "#1"}
			}
		},
		{
			"from": [-2.5, 6.625, -2.75],
			"to": [4, 6.625, 3.75],
			"rotation": {"angle": 0, "axis": "y", "origin": [0.25, 7.625, 0]},
			"faces": {
				"north": {"uv": [0, 0, 5, 0], "texture": "#1"},
				"east": {"uv": [0, 0, 5, 0], "texture": "#1"},
				"south": {"uv": [0, 0, 5, 0], "texture": "#1"},
				"west": {"uv": [0, 0, 5, 0], "texture": "#1"},
				"up": {"uv": [5, 5, 0, 0], "texture": "#1"},
				"down": {"uv": [5, 5, 0, 10], "texture": "#1"}
			}
		}
	],
	"display": {
		"thirdperson_righthand": {
			"rotation": [45.25, 0, 0],
			"translation": [-0.25, 0, 0],
			"scale": [0.6, 0.6, 0.6]
		},
		"firstperson_righthand": {
			"translation": [-8.75, 2, -8]
		},
		"ground": {
			"translation": [0, 5, 0],
			"scale": [0.8, 0.8, 0.8]
		},
		"gui": {
			"rotation": [31, -22, 0],
			"translation": [0, 1, 0],
			"scale": [0.8, 0.8, 0.8]
		}
	}
}