{
	"credit": "Made with Blockbench",
	"texture_size": [64, 64],
	"textures": {
		"0": "item/firework_rocket",
		"1": "block/firework_box",
		"particle": "item/firework_rocket"
	},
	"elements": [
		{
			"from": [0, 0, 3],
			"to": [16, 7, 13],
			"rotation": {"angle": 0, "axis": "y", "origin": [2, 0, 3]},
			"faces": {
				"north": {"uv": [4, 0, 8, 1.75], "texture": "#1"},
				"east": {"uv": [4, 3.5, 6.5, 5.25], "texture": "#1"},
				"south": {"uv": [4, 1.75, 8, 3.5], "texture": "#1"},
				"west": {"uv": [0, 5, 2.5, 6.75], "texture": "#1"},
				"up": {"uv": [4, 2.5, 0, 0], "texture": "#1"},
				"down": {"uv": [4, 2.5, 0, 5], "texture": "#1"}
			}
		},
		{
			"from": [0, 9.65, 13.425],
			"to": [16, 9.65, 17.425],
			"rotation": {"angle": 22.5, "axis": "x", "origin": [2, 9.65, 6.425]},
			"faces": {
				"north": {"uv": [0, 0, 4, 0], "texture": "#1"},
				"east": {"uv": [0, 0, 1, 0], "texture": "#1"},
				"south": {"uv": [0, 0, 4, 0], "texture": "#1"},
				"west": {"uv": [0, 0, 1, 0], "texture": "#1"},
				"up": {"uv": [6.5, 6.25, 2.5, 5.25], "texture": "#1"},
				"down": {"uv": [6.5, 6.25, 2.5, 7.25], "texture": "#1"}
			}
		},
		{
			"from": [0, 3.15, -0.175],
			"to": [16, 3.15, 3.825],
			"rotation": {"angle": -22.5, "axis": "x", "origin": [2, 3.15, -6.175]},
			"faces": {
				"north": {"uv": [0, 0, 4, 0], "texture": "#1"},
				"east": {"uv": [0, 0, 1, 0], "texture": "#1"},
				"south": {"uv": [0, 0, 4, 0], "texture": "#1"},
				"west": {"uv": [0, 0, 1, 0], "texture": "#1"},
				"up": {"uv": [10.5, 4.5, 6.5, 3.5], "texture": "#1"},
				"down": {"uv": [10.5, 4.5, 6.5, 5.5], "texture": "#1"}
			}
		},
		{
			"from": [4, 4, 4],
			"to": [4, 14, 9],
			"rotation": {"angle": -22.5, "axis": "y", "origin": [4, 4, 1]},
			"faces": {
				"north": {"uv": [0, 0, 0, 8], "texture": "#0"},
				"east": {"uv": [13, 0, 5, 16], "texture": "#0"},
				"south": {"uv": [0, 0, 0, 8], "texture": "#0"},
				"west": {"uv": [5, 0, 13, 16], "texture": "#0"},
				"up": {"uv": [0, 0, 0, 4], "texture": "#0"},
				"down": {"uv": [0, 0, 0, 4], "texture": "#0"}
			}
		},
		{
			"from": [7, 2, 4],
			"to": [12, 12, 4],
			"rotation": {"angle": 22.5, "axis": "y", "origin": [15, 2, 4]},
			"faces": {
				"north": {"uv": [5, 0, 13, 16], "texture": "#0"},
				"east": {"uv": [0, 0, 0, 8], "texture": "#0"},
				"south": {"uv": [13, 0, 5, 16], "texture": "#0"},
				"west": {"uv": [0, 0, 0, 8], "texture": "#0"},
				"up": {"uv": [0, 0, 0, 4], "rotation": 90, "texture": "#0"},
				"down": {"uv": [0, 0, 0, 4], "rotation": 270, "texture": "#0"}
			}
		},
		{
			"from": [2.525, 3.15, 12.15],
			"to": [7.525, 13.15, 12.15],
			"rotation": {"angle": -45, "axis": "y", "origin": [10.525, 3.15, 12.15]},
			"faces": {
				"north": {"uv": [5, 0, 13, 16], "texture": "#0"},
				"east": {"uv": [0, 0, 0, 8], "texture": "#0"},
				"south": {"uv": [13, 0, 5, 16], "texture": "#0"},
				"west": {"uv": [0, 0, 0, 8], "texture": "#0"},
				"up": {"uv": [0, 0, 0, 4], "rotation": 90, "texture": "#0"},
				"down": {"uv": [0, 0, 0, 4], "rotation": 270, "texture": "#0"}
			}
		},
		{
			"from": [2.575, 4.15, 7.65],
			"to": [2.575, 14.15, 12.65],
			"rotation": {"angle": 22.5, "axis": "z", "origin": [2.575, 4.15, 15.65]},
			"faces": {
				"north": {"uv": [0, 0, 0, 8], "texture": "#0"},
				"east": {"uv": [5, 0, 13, 16], "texture": "#0"},
				"south": {"uv": [0, 0, 0, 8], "texture": "#0"},
				"west": {"uv": [13, 0, 5, 16], "texture": "#0"},
				"up": {"uv": [0, 0, 0, 4], "rotation": 180, "texture": "#0"},
				"down": {"uv": [0, 0, 0, 4], "rotation": 180, "texture": "#0"}
			}
		},
		{
			"from": [5.7, 1.85, 8.9],
			"to": [5.7, 11.85, 13.9],
			"rotation": {"angle": -22.5, "axis": "y", "origin": [5.7, 1.85, 5.9]},
			"faces": {
				"north": {"uv": [0, 0, 0, 8], "texture": "#0"},
				"east": {"uv": [13, 0, 5, 16], "texture": "#0"},
				"south": {"uv": [0, 0, 0, 8], "texture": "#0"},
				"west": {"uv": [5, 0, 13, 16], "texture": "#0"},
				"up": {"uv": [0, 0, 0, 4], "texture": "#0"},
				"down": {"uv": [0, 0, 0, 4], "texture": "#0"}
			}
		},
		{
			"from": [8.5, 2.85, 6.9],
			"to": [8.5, 12.85, 11.9],
			"rotation": {"angle": 22.5, "axis": "y", "origin": [8.5, 2.85, 3.9]},
			"faces": {
				"north": {"uv": [0, 0, 0, 8], "texture": "#0"},
				"east": {"uv": [13, 0, 5, 16], "texture": "#0"},
				"south": {"uv": [0, 0, 0, 8], "texture": "#0"},
				"west": {"uv": [5, 0, 13, 16], "texture": "#0"},
				"up": {"uv": [0, 0, 0, 4], "texture": "#0"},
				"down": {"uv": [0, 0, 0, 4], "texture": "#0"}
			}
		},
		{
			"from": [8.6, 4, 10],
			"to": [13.6, 14, 10],
			"rotation": {"angle": 22.5, "axis": "x", "origin": [16.6, 4, 10]},
			"faces": {
				"north": {"uv": [5, 0, 13, 16], "texture": "#0"},
				"east": {"uv": [0, 0, 0, 8], "texture": "#0"},
				"south": {"uv": [13, 0, 5, 16], "texture": "#0"},
				"west": {"uv": [0, 0, 0, 8], "texture": "#0"},
				"up": {"uv": [0, 0, 0, 4], "rotation": 90, "texture": "#0"},
				"down": {"uv": [0, 0, 0, 4], "rotation": 270, "texture": "#0"}
			}
		},
		{
			"from": [2.775, 4, 5.875],
			"to": [7.775, 14, 5.875],
			"rotation": {"angle": -22.5, "axis": "x", "origin": [10.775, 4, 5.875]},
			"faces": {
				"north": {"uv": [5, 0, 13, 16], "texture": "#0"},
				"east": {"uv": [0, 0, 0, 8], "texture": "#0"},
				"south": {"uv": [13, 0, 5, 16], "texture": "#0"},
				"west": {"uv": [0, 0, 0, 8], "texture": "#0"},
				"up": {"uv": [0, 0, 0, 4], "rotation": 90, "texture": "#0"},
				"down": {"uv": [0, 0, 0, 4], "rotation": 270, "texture": "#0"}
			}
		},
		{
			"from": [2.775, 4, 5.875],
			"to": [7.775, 14, 5.875],
			"rotation": {"angle": -22.5, "axis": "x", "origin": [10.775, 4, 5.875]},
			"faces": {
				"north": {"uv": [5, 0, 13, 16], "texture": "#0"},
				"east": {"uv": [0, 0, 0, 8], "texture": "#0"},
				"south": {"uv": [13, 0, 5, 16], "texture": "#0"},
				"west": {"uv": [0, 0, 0, 8], "texture": "#0"},
				"up": {"uv": [0, 0, 0, 4], "rotation": 90, "texture": "#0"},
				"down": {"uv": [0, 0, 0, 4], "rotation": 270, "texture": "#0"}
			}
		},
		{
			"from": [8.6, 4, 10],
			"to": [13.6, 14, 10],
			"rotation": {"angle": 22.5, "axis": "x", "origin": [16.6, 4, 10]},
			"faces": {
				"north": {"uv": [5, 0, 13, 16], "texture": "#0"},
				"east": {"uv": [0, 0, 0, 8], "texture": "#0"},
				"south": {"uv": [13, 0, 5, 16], "texture": "#0"},
				"west": {"uv": [0, 0, 0, 8], "texture": "#0"},
				"up": {"uv": [0, 0, 0, 4], "rotation": 90, "texture": "#0"},
				"down": {"uv": [0, 0, 0, 4], "rotation": 270, "texture": "#0"}
			}
		},
		{
			"from": [16.8, 4.45, 5.05],
			"to": [16.8, 14.45, 10.05],
			"rotation": {"angle": -45, "axis": "y", "origin": [16.8, 4.45, 2.05]},
			"faces": {
				"north": {"uv": [0, 0, 0, 8], "texture": "#0"},
				"east": {"uv": [13, 0, 5, 16], "texture": "#0"},
				"south": {"uv": [0, 0, 0, 8], "texture": "#0"},
				"west": {"uv": [5, 0, 13, 16], "texture": "#0"},
				"up": {"uv": [0, 0, 0, 4], "texture": "#0"},
				"down": {"uv": [0, 0, 0, 4], "texture": "#0"}
			}
		}
	],
	"display": {
		"thirdperson_righthand": {
			"rotation": [37, 23, 0],
			"translation": [0, 3.25, 1.25],
			"scale": [0.5, 0.5, 0.5]
		},
		"firstperson_righthand": {
			"rotation": [8, -1, 0],
			"translation": [-8.75, 3, -0.25]
		},
		"ground": {
			"translation": [0, 3, 0],
			"scale": [0.7, 0.7, 0.7]
		},
		"gui": {
			"rotation": [25, 129, 0],
			"translation": [0.25, 2.25, 0],
			"scale": [0.9, 0.9, 0.9]
		},
		"head": {
			"translation": [1.75, 5.75, -0.5],
			"scale": [1.6, 1.6, 1.6]
		}
	}
}