{
	"credit": "Made with Blockbench",
	"texture_size": [32, 32],
	"textures": {
		"0": "block/gold",
		"particle": "block/gold"
	},
	"elements": [
		{
			"from": [2, 0, 6],
			"to": [14, 3, 11],
			"rotation": {"angle": 0, "axis": "y", "origin": [2, 0, 6]},
			"faces": {
				"north": {"uv": [0, 5, 6, 6.5], "texture": "#0"},
				"east": {"uv": [6, 1.5, 8.5, 3], "texture": "#0"},
				"south": {"uv": [6, 0, 12, 1.5], "texture": "#0"},
				"west": {"uv": [6, 3, 8.5, 4.5], "texture": "#0"},
				"up": {"uv": [6, 2.5, 0, 0], "texture": "#0"},
				"down": {"uv": [6, 2.5, 0, 5], "texture": "#0"}
			}
		}
	],
	"display": {
		"thirdperson_righthand": {
			"rotation": [0, 86, 0],
			"translation": [0, -0.25, 0.25],
			"scale": [0.5, 0.5, 0.5]
		},
		"firstperson_righthand": {
			"rotation": [0, 14, 0],
			"translation": [1, 5.75, -1.25],
			"scale": [0.6, 0.6, 0.6]
		},
		"ground": {
			"translation": [0, 3, 0],
			"scale": [0.57, 0.56, 0.46]
		},
		"gui": {
			"rotation": [22, -35, 0],
			"translation": [0.25, 6.25, 0],
			"scale": [1.2, 1.2, 1.2]
		}
	}
}