{
	"credit": "Made with Blockbench",
	"texture_size": [32, 32],
	"textures": {
		"0": "block/coin",
		"particle": "block/coin"
	},
	"elements": [
		{
			"from": [5, 0, 7],
			"to": [11, 10, 9],
			"rotation": {"angle": 0, "axis": "y", "origin": [7, 0, 7]},
			"faces": {
				"north": {"uv": [0, 0, 3, 5], "texture": "#0"},
				"east": {"uv": [0, 5, 1, 10], "texture": "#0"},
				"south": {"uv": [3, 0, 6, 5], "texture": "#0"},
				"west": {"uv": [1, 5, 2, 10], "texture": "#0"},
				"up": {"uv": [5, 6, 2, 5], "texture": "#0"},
				"down": {"uv": [8, 5, 5, 6], "texture": "#0"}
			}
		}
	],
	"display": {
		"thirdperson_righthand": {
			"rotation": [0, 86, 0],
			"translation": [0, -0.25, 0.25],
			"scale": [0.5, 0.5, 0.5]
		},
		"firstperson_righthand": {
			"rotation": [0, 2, 0],
			"translation": [3.25, 5.75, -1.25],
			"scale": [0.6, 0.6, 0.6]
		},
		"ground": {
			"translation": [0, 3, 0],
			"scale": [0.57, 0.56, 0.46]
		},
		"gui": {
			"rotation": [35, -40, 0],
			"translation": [0, 3.5, 0],
			"scale": [1.4, 1.4, 1.4]
		}
	}
}