{
	"credit": "Made with Blockbench",
	"texture_size": [64, 64],
	"textures": {
		"0": "block/loza",
		"particle": "block/loza"
	},
	"elements": [
		{
			"from": [0, 0, 0],
			"to": [18, 1, 1],
			"rotation": {"angle": 22.5, "axis": "z", "origin": [0, -1, 0]},
			"faces": {
				"north": {"uv": [0, 0, 4.5, 0.25], "texture": "#0"},
				"east": {"uv": [5.5, 4.75, 5.75, 5], "texture": "#0"},
				"south": {"uv": [0, 0.25, 4.5, 0.5], "texture": "#0"},
				"west": {"uv": [4.5, 5.75, 4.75, 6], "texture": "#0"},
				"up": {"uv": [4.5, 0.75, 0, 0.5], "texture": "#0"},
				"down": {"uv": [4.5, 0.75, 0, 1], "texture": "#0"}
			}
		},
		{
			"from": [-1, 7, 15],
			"to": [17, 8, 16],
			"rotation": {"angle": -22.5, "axis": "z", "origin": [-1, 6, 15]},
			"faces": {
				"north": {"uv": [0, 1, 4.5, 1.25], "texture": "#0"},
				"east": {"uv": [4.75, 5.75, 5, 6], "texture": "#0"},
				"south": {"uv": [0, 1.25, 4.5, 1.5], "texture": "#0"},
				"west": {"uv": [5.75, 4.75, 6, 5], "texture": "#0"},
				"up": {"uv": [4.5, 1.75, 0, 1.5], "texture": "#0"},
				"down": {"uv": [4.5, 1.75, 0, 2], "texture": "#0"}
			}
		},
		{
			"from": [3.05, 14.325, 15],
			"to": [18.1, 15.325, 16],
			"rotation": {"angle": -45, "axis": "z", "origin": [0.1, 13.325, 15]},
			"faces": {
				"north": {"uv": [4.5, 0, 8.25, 0.25], "texture": "#0"},
				"east": {"uv": [5, 5.75, 5.25, 6], "texture": "#0"},
				"south": {"uv": [4.5, 0.25, 8.25, 0.5], "texture": "#0"},
				"west": {"uv": [5.25, 5.75, 5.5, 6], "texture": "#0"},
				"up": {"uv": [8.25, 0.75, 4.5, 0.5], "texture": "#0"},
				"down": {"uv": [8.25, 0.75, 4.5, 1], "texture": "#0"}
			}
		},
		{
			"from": [9.05, 14.325, 0],
			"to": [20.1, 15.325, 1],
			"rotation": {"angle": -45, "axis": "z", "origin": [0.1, 13.325, 0]},
			"faces": {
				"north": {"uv": [5.25, 3.5, 8, 3.75], "texture": "#0"},
				"east": {"uv": [5.5, 5.75, 5.75, 6], "texture": "#0"},
				"south": {"uv": [5.25, 3.75, 8, 4], "texture": "#0"},
				"west": {"uv": [5.75, 5.75, 6, 6], "texture": "#0"},
				"up": {"uv": [6.75, 5.5, 4, 5.25], "texture": "#0"},
				"down": {"uv": [8, 4, 5.25, 4.25], "texture": "#0"}
			}
		},
		{
			"from": [15, 6.55, 1],
			"to": [16, 7.55, 15],
			"rotation": {"angle": 0, "axis": "z", "origin": [15, 5.55, 1]},
			"faces": {
				"north": {"uv": [4.5, 6, 4.75, 6.25], "texture": "#0"},
				"east": {"uv": [4.5, 1.75, 8, 2], "texture": "#0"},
				"south": {"uv": [4.75, 6, 5, 6.25], "texture": "#0"},
				"west": {"uv": [2, 4.75, 5.5, 5], "texture": "#0"},
				"up": {"uv": [2.25, 8.5, 2, 5], "texture": "#0"},
				"down": {"uv": [2.5, 5, 2.25, 8.5], "texture": "#0"}
			}
		},
		{
			"from": [15, 1.05, 0.475],
			"to": [16, 2.05, 17.4],
			"rotation": {"angle": -22.5, "axis": "x", "origin": [15, 0.05, 3.4]},
			"faces": {
				"north": {"uv": [6, 4.75, 6.25, 5], "texture": "#0"},
				"east": {"uv": [0, 2, 4.25, 2.25], "texture": "#0"},
				"south": {"uv": [5, 6, 5.25, 6.25], "texture": "#0"},
				"west": {"uv": [0, 2.25, 4.25, 2.5], "texture": "#0"},
				"up": {"uv": [0.25, 6.75, 0, 2.5], "texture": "#0"},
				"down": {"uv": [0.5, 2.5, 0.25, 6.75], "texture": "#0"}
			}
		},
		{
			"from": [15, 8.8, 0.475],
			"to": [16, 9.8, 15.075],
			"rotation": {"angle": -45, "axis": "x", "origin": [15, 7.8, 3.4]},
			"faces": {
				"north": {"uv": [5.25, 6, 5.5, 6.25], "texture": "#0"},
				"east": {"uv": [1, 4.5, 4.75, 4.75], "texture": "#0"},
				"south": {"uv": [5.5, 6, 5.75, 6.25], "texture": "#0"},
				"west": {"uv": [4.5, 1, 8.25, 1.25], "texture": "#0"},
				"up": {"uv": [1.25, 8.5, 1, 4.75], "texture": "#0"},
				"down": {"uv": [1.5, 4.75, 1.25, 8.5], "texture": "#0"}
			}
		},
		{
			"from": [-0.45, 8.8, 5.1],
			"to": [0.55, 9.8, 15.825],
			"rotation": {"angle": -45, "axis": "x", "origin": [-0.45, 7.8, 8.025]},
			"faces": {
				"north": {"uv": [5.75, 6, 6, 6.25], "texture": "#0"},
				"east": {"uv": [5.25, 4.25, 8, 4.5], "texture": "#0"},
				"south": {"uv": [6, 5.75, 6.25, 6], "texture": "#0"},
				"west": {"uv": [4, 5.5, 6.75, 5.75], "texture": "#0"},
				"up": {"uv": [4.25, 8.5, 4, 5.75], "texture": "#0"},
				"down": {"uv": [4.5, 5.75, 4.25, 8.5], "texture": "#0"}
			}
		},
		{
			"from": [15, -0.2, 0.35],
			"to": [16, 0.8, 15],
			"rotation": {"angle": 0, "axis": "y", "origin": [15, -1.2, 1]},
			"faces": {
				"north": {"uv": [6, 6, 6.25, 6.25], "texture": "#0"},
				"east": {"uv": [4.5, 1.25, 8.25, 1.5], "texture": "#0"},
				"south": {"uv": [4.5, 6.25, 4.75, 6.5], "texture": "#0"},
				"west": {"uv": [4.5, 1.5, 8.25, 1.75], "texture": "#0"},
				"up": {"uv": [1.75, 8.5, 1.5, 4.75], "texture": "#0"},
				"down": {"uv": [2, 4.75, 1.75, 8.5], "texture": "#0"}
			}
		},
		{
			"from": [0, -0.2, 1.125],
			"to": [1, 0.8, 17.8],
			"rotation": {"angle": -22.5, "axis": "x", "origin": [0, -1.2, 1.125]},
			"faces": {
				"north": {"uv": [4.75, 6.25, 5, 6.5], "texture": "#0"},
				"east": {"uv": [0.5, 2.5, 4.75, 2.75], "texture": "#0"},
				"south": {"uv": [6.25, 4.75, 6.5, 5], "texture": "#0"},
				"west": {"uv": [0.5, 2.75, 4.75, 3], "texture": "#0"},
				"up": {"uv": [0.75, 7.25, 0.5, 3], "texture": "#0"},
				"down": {"uv": [1, 3, 0.75, 7.25], "texture": "#0"}
			}
		},
		{
			"from": [-0.5, 6.55, 1],
			"to": [0.5, 7.55, 15],
			"rotation": {"angle": 0, "axis": "y", "origin": [-0.5, 5.55, 1]},
			"faces": {
				"north": {"uv": [5, 6.25, 5.25, 6.5], "texture": "#0"},
				"east": {"uv": [4.75, 2.5, 8.25, 2.75], "texture": "#0"},
				"south": {"uv": [5.25, 6.25, 5.5, 6.5], "texture": "#0"},
				"west": {"uv": [4.75, 2.75, 8.25, 3], "texture": "#0"},
				"up": {"uv": [2.75, 8.5, 2.5, 5], "texture": "#0"},
				"down": {"uv": [3, 5, 2.75, 8.5], "texture": "#0"}
			}
		},
		{
			"from": [0.525, 17.925, 2.1],
			"to": [1.525, 18.925, 16.1],
			"rotation": {"angle": 22.5, "axis": "x", "origin": [0.525, 16.925, 2.1]},
			"faces": {
				"north": {"uv": [5.5, 6.25, 5.75, 6.5], "texture": "#0"},
				"east": {"uv": [4.75, 4.5, 8.25, 4.75], "texture": "#0"},
				"south": {"uv": [5.75, 6.25, 6, 6.5], "texture": "#0"},
				"west": {"uv": [3, 5, 6.5, 5.25], "texture": "#0"},
				"up": {"uv": [3.25, 8.75, 3, 5.25], "texture": "#0"},
				"down": {"uv": [3.5, 5.25, 3.25, 8.75], "texture": "#0"}
			}
		},
		{
			"from": [13.925, 12.75, 1.95],
			"to": [14.925, 13.75, 15.95],
			"rotation": {"angle": -22.5, "axis": "x", "origin": [13.925, 11.75, 1.95]},
			"faces": {
				"north": {"uv": [6.25, 5.75, 6.5, 6], "texture": "#0"},
				"east": {"uv": [5.25, 3, 8.75, 3.25], "texture": "#0"},
				"south": {"uv": [6, 6.25, 6.25, 6.5], "texture": "#0"},
				"west": {"uv": [5.25, 3.25, 8.75, 3.5], "texture": "#0"},
				"up": {"uv": [3.75, 8.75, 3.5, 5.25], "texture": "#0"},
				"down": {"uv": [4, 5.25, 3.75, 8.75], "texture": "#0"}
			}
		},
		{
			"from": [0, 13, 15],
			"to": [16.825, 14, 16],
			"rotation": {"angle": -22.5, "axis": "z", "origin": [0, 12, 15]},
			"faces": {
				"north": {"uv": [1, 3, 5.25, 3.25], "texture": "#0"},
				"east": {"uv": [6.25, 6, 6.5, 6.25], "texture": "#0"},
				"south": {"uv": [1, 3.25, 5.25, 3.5], "texture": "#0"},
				"west": {"uv": [6.25, 6.25, 6.5, 6.5], "texture": "#0"},
				"up": {"uv": [5.25, 3.75, 1, 3.5], "texture": "#0"},
				"down": {"uv": [5.25, 3.75, 1, 4], "texture": "#0"}
			}
		},
		{
			"from": [0, 11.5, 0.5],
			"to": [16.825, 12.5, 1.5],
			"rotation": {"angle": 22.5, "axis": "z", "origin": [0, 10.5, 0.5]},
			"faces": {
				"north": {"uv": [1, 4, 5.25, 4.25], "texture": "#0"},
				"east": {"uv": [4.5, 6.5, 4.75, 6.75], "texture": "#0"},
				"south": {"uv": [1, 4.25, 5.25, 4.5], "texture": "#0"},
				"west": {"uv": [4.75, 6.5, 5, 6.75], "texture": "#0"},
				"up": {"uv": [8.5, 2.25, 4.25, 2], "texture": "#0"},
				"down": {"uv": [8.5, 2.25, 4.25, 2.5], "texture": "#0"}
			}
		},
		{
			"from": [0.375, 0.15, -1.275],
			"to": [0.375, 1.45, 0],
			"rotation": {"angle": 0, "axis": "y", "origin": [0.375, 0.15, -2]},
			"faces": {
				"north": {"uv": [0, 0, 0, 0.25], "texture": "#0"},
				"east": {"uv": [6.5, 4.75, 6.75, 5], "texture": "#0"},
				"south": {"uv": [0, 0, 0, 0.25], "texture": "#0"},
				"west": {"uv": [5, 6.5, 5.25, 6.75], "texture": "#0"},
				"up": {"uv": [0, 0.25, 0, 0], "texture": "#0"},
				"down": {"uv": [0, 0, 0, 0.25], "texture": "#0"}
			}
		},
		{
			"from": [-1, 1.525, 4.825],
			"to": [0.275, 2.825, 4.825],
			"rotation": {"angle": 0, "axis": "y", "origin": [-1.725, 1.525, 4.825]},
			"faces": {
				"north": {"uv": [6.5, 5, 6.75, 5.25], "texture": "#0"},
				"east": {"uv": [0, 0, 0, 0.25], "texture": "#0"},
				"south": {"uv": [5.25, 6.5, 5.5, 6.75], "texture": "#0"},
				"west": {"uv": [0, 0, 0, 0.25], "texture": "#0"},
				"up": {"uv": [0.25, 0, 0, 0], "texture": "#0"},
				"down": {"uv": [0.25, 0, 0, 0], "texture": "#0"}
			}
		},
		{
			"from": [-1.225, 6.45, 10.65],
			"to": [0.05, 7.75, 10.65],
			"rotation": {"angle": 0, "axis": "y", "origin": [-1.95, 6.45, 10.65]},
			"faces": {
				"north": {"uv": [5.5, 6.5, 5.75, 6.75], "texture": "#0"},
				"east": {"uv": [0, 0, 0, 0.25], "texture": "#0"},
				"south": {"uv": [5.75, 6.5, 6, 6.75], "texture": "#0"},
				"west": {"uv": [0, 0, 0, 0.25], "texture": "#0"},
				"up": {"uv": [0.25, 0, 0, 0], "texture": "#0"},
				"down": {"uv": [0.25, 0, 0, 0], "texture": "#0"}
			}
		},
		{
			"from": [-1.325, 6.45, 2],
			"to": [-0.05, 7.75, 2],
			"rotation": {"angle": 0, "axis": "y", "origin": [-2.05, 6.45, 2]},
			"faces": {
				"north": {"uv": [6.5, 5.75, 6.75, 6], "texture": "#0"},
				"east": {"uv": [0, 0, 0, 0.25], "texture": "#0"},
				"south": {"uv": [6, 6.5, 6.25, 6.75], "texture": "#0"},
				"west": {"uv": [0, 0, 0, 0.25], "texture": "#0"},
				"up": {"uv": [0.25, 0, 0, 0], "texture": "#0"},
				"down": {"uv": [0.25, 0, 0, 0], "texture": "#0"}
			}
		},
		{
			"from": [-1.55, 11.5, 1.1],
			"to": [-0.275, 12.8, 1.1],
			"rotation": {"angle": 0, "axis": "y", "origin": [-2.275, 11.5, 1.1]},
			"faces": {
				"north": {"uv": [6.5, 6, 6.75, 6.25], "texture": "#0"},
				"east": {"uv": [0, 0, 0, 0.25], "texture": "#0"},
				"south": {"uv": [6.25, 6.5, 6.5, 6.75], "texture": "#0"},
				"west": {"uv": [0, 0, 0, 0.25], "texture": "#0"},
				"up": {"uv": [0.25, 0, 0, 0], "texture": "#0"},
				"down": {"uv": [0.25, 0, 0, 0], "texture": "#0"}
			}
		},
		{
			"from": [-1.55, 11.5, 10.1],
			"to": [-0.275, 12.8, 10.1],
			"rotation": {"angle": 0, "axis": "y", "origin": [-2.275, 11.5, 10.1]},
			"faces": {
				"north": {"uv": [6.5, 6.25, 6.75, 6.5], "texture": "#0"},
				"east": {"uv": [0, 0, 0, 0.25], "texture": "#0"},
				"south": {"uv": [6.5, 6.5, 6.75, 6.75], "texture": "#0"},
				"west": {"uv": [0, 0, 0, 0.25], "texture": "#0"},
				"up": {"uv": [0.25, 0, 0, 0], "texture": "#0"},
				"down": {"uv": [0.25, 0, 0, 0], "texture": "#0"}
			}
		},
		{
			"from": [15.6, 6.5, 10.1],
			"to": [16.875, 7.8, 10.1],
			"rotation": {"angle": 0, "axis": "y", "origin": [14.875, 6.5, 10.1]},
			"faces": {
				"north": {"uv": [0, 6.75, 0.25, 7], "texture": "#0"},
				"east": {"uv": [0, 0, 0, 0.25], "texture": "#0"},
				"south": {"uv": [0.25, 6.75, 0.5, 7], "texture": "#0"},
				"west": {"uv": [0, 0, 0, 0.25], "texture": "#0"},
				"up": {"uv": [0.25, 0, 0, 0], "texture": "#0"},
				"down": {"uv": [0.25, 0, 0, 0], "texture": "#0"}
			}
		},
		{
			"from": [15.6, 8.85, 3.025],
			"to": [16.875, 10.15, 3.025],
			"rotation": {"angle": 0, "axis": "y", "origin": [14.875, 8.85, 3.025]},
			"faces": {
				"north": {"uv": [4.5, 6.75, 4.75, 7], "texture": "#0"},
				"east": {"uv": [0, 0, 0, 0.25], "texture": "#0"},
				"south": {"uv": [4.75, 6.75, 5, 7], "texture": "#0"},
				"west": {"uv": [0, 0, 0, 0.25], "texture": "#0"},
				"up": {"uv": [0.25, 0, 0, 0], "texture": "#0"},
				"down": {"uv": [0.25, 0, 0, 0], "texture": "#0"}
			}
		},
		{
			"from": [15.85, 15.425, 9.4],
			"to": [17.125, 16.725, 9.4],
			"rotation": {"angle": 0, "axis": "y", "origin": [15.125, 15.425, 9.4]},
			"faces": {
				"north": {"uv": [6.75, 4.75, 7, 5], "texture": "#0"},
				"east": {"uv": [0, 0, 0, 0.25], "texture": "#0"},
				"south": {"uv": [5, 6.75, 5.25, 7], "texture": "#0"},
				"west": {"uv": [0, 0, 0, 0.25], "texture": "#0"},
				"up": {"uv": [0.25, 0, 0, 0], "texture": "#0"},
				"down": {"uv": [0.25, 0, 0, 0], "texture": "#0"}
			}
		},
		{
			"from": [15.85, -0.375, 10.925],
			"to": [17.125, 0.925, 10.925],
			"rotation": {"angle": 0, "axis": "y", "origin": [15.125, -0.375, 10.925]},
			"faces": {
				"north": {"uv": [6.75, 5, 7, 5.25], "texture": "#0"},
				"east": {"uv": [0, 0, 0, 0.25], "texture": "#0"},
				"south": {"uv": [5.25, 6.75, 5.5, 7], "texture": "#0"},
				"west": {"uv": [0, 0, 0, 0.25], "texture": "#0"},
				"up": {"uv": [0.25, 0, 0, 0], "texture": "#0"},
				"down": {"uv": [0.25, 0, 0, 0], "texture": "#0"}
			}
		},
		{
			"from": [10.45, 4.625, -1.275],
			"to": [10.45, 5.925, 0],
			"rotation": {"angle": 0, "axis": "y", "origin": [10.45, 4.625, -2]},
			"faces": {
				"north": {"uv": [0, 0, 0, 0.25], "texture": "#0"},
				"east": {"uv": [6.75, 5.25, 7, 5.5], "texture": "#0"},
				"south": {"uv": [0, 0, 0, 0.25], "texture": "#0"},
				"west": {"uv": [5.5, 6.75, 5.75, 7], "texture": "#0"},
				"up": {"uv": [0, 0.25, 0, 0], "texture": "#0"},
				"down": {"uv": [0, 0, 0, 0.25], "texture": "#0"}
			}
		},
		{
			"from": [15.35, 0.075, -0.95],
			"to": [15.35, 1.375, 0.325],
			"rotation": {"angle": 0, "axis": "y", "origin": [15.35, 0.075, -1.675]},
			"faces": {
				"north": {"uv": [0, 0, 0, 0.25], "texture": "#0"},
				"east": {"uv": [6.75, 5.5, 7, 5.75], "texture": "#0"},
				"south": {"uv": [0, 0, 0, 0.25], "texture": "#0"},
				"west": {"uv": [5.75, 6.75, 6, 7], "texture": "#0"},
				"up": {"uv": [0, 0.25, 0, 0], "texture": "#0"},
				"down": {"uv": [0, 0, 0, 0.25], "texture": "#0"}
			}
		},
		{
			"from": [15.5, 8.5, 0.925],
			"to": [15.5, 9.8, 2.2],
			"rotation": {"angle": 0, "axis": "y", "origin": [15.5, 8.5, 0.2]},
			"faces": {
				"north": {"uv": [0, 0, 0, 0.25], "texture": "#0"},
				"east": {"uv": [6.75, 5.75, 7, 6], "texture": "#0"},
				"south": {"uv": [0, 0, 0, 0.25], "texture": "#0"},
				"west": {"uv": [6, 6.75, 6.25, 7], "texture": "#0"},
				"up": {"uv": [0, 0.25, 0, 0], "texture": "#0"},
				"down": {"uv": [0, 0, 0, 0.25], "texture": "#0"}
			}
		},
		{
			"from": [0.225, 6.4, 15.6],
			"to": [0.225, 7.7, 16.875],
			"rotation": {"angle": 0, "axis": "y", "origin": [0.225, 6.4, 14.875]},
			"faces": {
				"north": {"uv": [0, 0, 0, 0.25], "texture": "#0"},
				"east": {"uv": [6.75, 6, 7, 6.25], "texture": "#0"},
				"south": {"uv": [0, 0, 0, 0.25], "texture": "#0"},
				"west": {"uv": [6.25, 6.75, 6.5, 7], "texture": "#0"},
				"up": {"uv": [0, 0.25, 0, 0], "texture": "#0"},
				"down": {"uv": [0, 0, 0, 0.25], "texture": "#0"}
			}
		},
		{
			"from": [12.925, 7.55, 15.75],
			"to": [12.925, 8.85, 17.025],
			"rotation": {"angle": 0, "axis": "y", "origin": [12.925, 7.55, 15.025]},
			"faces": {
				"north": {"uv": [0, 0, 0, 0.25], "texture": "#0"},
				"east": {"uv": [6.75, 6.25, 7, 6.5], "texture": "#0"},
				"south": {"uv": [0, 0, 0, 0.25], "texture": "#0"},
				"west": {"uv": [6.5, 6.75, 6.75, 7], "texture": "#0"},
				"up": {"uv": [0, 0.25, 0, 0], "texture": "#0"},
				"down": {"uv": [0, 0, 0, 0.25], "texture": "#0"}
			}
		},
		{
			"from": [1.575, 12.35, 15.75],
			"to": [1.575, 13.65, 17.025],
			"rotation": {"angle": 0, "axis": "y", "origin": [1.575, 12.35, 15.025]},
			"faces": {
				"north": {"uv": [0, 0, 0, 0.25], "texture": "#0"},
				"east": {"uv": [6.75, 6.5, 7, 6.75], "texture": "#0"},
				"south": {"uv": [0, 0, 0, 0.25], "texture": "#0"},
				"west": {"uv": [6.75, 6.75, 7, 7], "texture": "#0"},
				"up": {"uv": [0, 0.25, 0, 0], "texture": "#0"},
				"down": {"uv": [0, 0, 0, 0.25], "texture": "#0"}
			}
		},
		{
			"from": [6.8, 8.125, 15.75],
			"to": [6.8, 9.425, 17.025],
			"rotation": {"angle": 0, "axis": "y", "origin": [6.8, 8.125, 15.025]},
			"faces": {
				"north": {"uv": [0, 0, 0, 0.25], "texture": "#0"},
				"east": {"uv": [0, 7, 0.25, 7.25], "texture": "#0"},
				"south": {"uv": [0, 0, 0, 0.25], "texture": "#0"},
				"west": {"uv": [0.25, 7, 0.5, 7.25], "texture": "#0"},
				"up": {"uv": [0, 0.25, 0, 0], "texture": "#0"},
				"down": {"uv": [0, 0, 0, 0.25], "texture": "#0"}
			}
		},
		{
			"from": [12.075, 2.175, 15.75],
			"to": [12.075, 3.475, 17.025],
			"rotation": {"angle": 0, "axis": "y", "origin": [12.075, 2.175, 15.025]},
			"faces": {
				"north": {"uv": [0, 0, 0, 0.25], "texture": "#0"},
				"east": {"uv": [4.5, 7, 4.75, 7.25], "texture": "#0"},
				"south": {"uv": [0, 0, 0, 0.25], "texture": "#0"},
				"west": {"uv": [4.75, 7, 5, 7.25], "texture": "#0"},
				"up": {"uv": [0, 0.25, 0, 0], "texture": "#0"},
				"down": {"uv": [0, 0, 0, 0.25], "texture": "#0"}
			}
		}
	],
	"display": {
		"gui": {
			"scale": [0, 0, 0]
		},
		"head": {
			"translation": [0.25, -0.25, 0],
			"scale": [0.96, 0.76, 0.95]
		}
	}
}