{
	"credit": "Made with Blockbench",
	"texture_size": [32, 32],
	"textures": {
		"0": "block/inkjar",
		"particle": "block/inkjar"
	},
	"elements": [
		{
			"from": [4, 0, 4],
			"to": [12, 8, 12],
			"rotation": {"angle": 0, "axis": "y", "origin": [7, 0, 7]},
			"faces": {
				"north": {"uv": [0, 0, 4, 4], "texture": "#0"},
				"east": {"uv": [0, 4, 4, 8], "texture": "#0"},
				"south": {"uv": [4, 0, 8, 4], "texture": "#0"},
				"west": {"uv": [4, 4, 8, 8], "texture": "#0"},
				"up": {"uv": [4, 12, 0, 8], "texture": "#0"},
				"down": {"uv": [12, 0, 8, 4], "texture": "#0"}
			}
		},
		{
			"from": [5, 8, 5],
			"to": [11, 9.5, 11],
			"rotation": {"angle": 0, "axis": "y", "origin": [7, 8, 7]},
			"faces": {
				"north": {"uv": [7, 8, 10, 9], "texture": "#0"},
				"east": {"uv": [8, 7, 11, 8], "texture": "#0"},
				"south": {"uv": [7, 9, 10, 10], "texture": "#0"},
				"west": {"uv": [7, 10, 10, 11], "texture": "#0"},
				"up": {"uv": [7, 11, 4, 8], "texture": "#0"},
				"down": {"uv": [11, 4, 8, 7], "texture": "#0"}
			}
		}
	],
	"display": {
		"thirdperson_righthand": {
			"translation": [0, 1, 0],
			"scale": [0.4, 0.4, 0.4]
		},
		"firstperson_righthand": {
			"rotation": [10, 31, 0],
			"translation": [1.25, 6.25, -0.25],
			"scale": [0.6, 0.6, 0.6]
		},
		"ground": {
			"translation": [0, 3.75, 0],
			"scale": [0.7, 0.7, 0.7]
		},
		"gui": {
			"rotation": [29, -49, 0],
			"translation": [0, 3.75, 0],
			"scale": [1.15, 1.15, 1.15]
		}
	}
}