{
	"credit": "Made with Blockbench",
	"textures": {
		"0": "block/loza",
		"particle": "block/loza"
	},
	"elements": [
		{
			"from": [4, 0, 6],
			"to": [12, 4, 10],
			"rotation": {"angle": 0, "axis": "y", "origin": [7, 0, 8]},
			"faces": {
				"north": {"uv": [0, 0, 8, 4], "texture": "#0"},
				"east": {"uv": [8, 4, 12, 8], "texture": "#0"},
				"south": {"uv": [0, 4, 8, 8], "texture": "#0"},
				"west": {"uv": [8, 8, 12, 12], "texture": "#0"},
				"up": {"uv": [8, 12, 0, 8], "texture": "#0"},
				"down": {"uv": [16, 0, 8, 4], "texture": "#0"}
			}
		}
	],
	"display": {
		"thirdperson_righthand": {
			"rotation": [99, -72, 0],
			"translation": [0, -2, 4.5],
			"scale": [0.7, 0.7, 0.7]
		},
		"firstperson_righthand": {
			"rotation": [56, -98, -19],
			"translation": [4, 3.75, 1],
			"scale": [0.77, 0.77, 0.77]
		},
		"ground": {
			"rotation": [90, 0, 0],
			"translation": [0, 0, 4.75],
			"scale": [0.81, 0.81, 0.81]
		},
		"gui": {
			"rotation": [31, -51, 0],
			"translation": [0, 9, 0],
			"scale": [1.76, 1.76, 1.76]
		}
	}
}