{
	"credit": "Made with Blockbench",
	"texture_size": [32, 32],
	"textures": {
		"0": "block/paint",
		"particle": "block/paint"
	},
	"elements": [
		{
			"from": [5, 0, 5],
			"to": [11, 5, 11],
			"rotation": {"angle": 0, "axis": "y", "origin": [7, 0, 7]},
			"faces": {
				"north": {"uv": [3, 0, 6, 2.5], "texture": "#0"},
				"east": {"uv": [3, 2.5, 6, 5], "texture": "#0"},
				"south": {"uv": [3, 5, 6, 7.5], "texture": "#0"},
				"west": {"uv": [0, 6, 3, 8.5], "texture": "#0"},
				"up": {"uv": [3, 3, 0, 0], "texture": "#0"},
				"down": {"uv": [3, 3, 0, 6], "texture": "#0"}
			}
		},
		{
			"from": [5, 5, 5],
			"to": [5.5, 7.1, 11],
			"rotation": {"angle": 0, "axis": "y", "origin": [7, -1, 7]},
			"faces": {
				"north": {"uv": [2.5, 8.5, 3, 9.5], "texture": "#0"},
				"east": {"uv": [6, 0, 9, 1], "texture": "#0"},
				"south": {"uv": [8.5, 4.5, 9, 5.5], "texture": "#0"},
				"west": {"uv": [6, 1, 9, 2], "texture": "#0"},
				"up": {"uv": [3.5, 10.5, 3, 7.5], "texture": "#0"},
				"down": {"uv": [4, 7.5, 3.5, 10.5], "texture": "#0"}
			}
		},
		{
			"from": [10.5, 5, 5],
			"to": [11, 7.1, 11],
			"rotation": {"angle": 0, "axis": "y", "origin": [12.5, -1, 7]},
			"faces": {
				"north": {"uv": [5, 8.5, 5.5, 9.5], "texture": "#0"},
				"east": {"uv": [6, 2, 9, 3], "texture": "#0"},
				"south": {"uv": [5.5, 8.5, 6, 9.5], "texture": "#0"},
				"west": {"uv": [6, 3, 9, 4], "texture": "#0"},
				"up": {"uv": [4.5, 10.5, 4, 7.5], "texture": "#0"},
				"down": {"uv": [5, 7.5, 4.5, 10.5], "texture": "#0"}
			}
		},
		{
			"from": [5.5, 5, 5],
			"to": [10.5, 7.1, 5.5],
			"rotation": {"angle": 0, "axis": "y", "origin": [12, -1, 7]},
			"faces": {
				"north": {"uv": [6, 4, 8.5, 5], "texture": "#0"},
				"east": {"uv": [8.5, 5.5, 9, 6.5], "texture": "#0"},
				"south": {"uv": [6, 5, 8.5, 6], "texture": "#0"},
				"west": {"uv": [6, 8.5, 6.5, 9.5], "texture": "#0"},
				"up": {"uv": [7.5, 8.5, 5, 8], "texture": "#0"},
				"down": {"uv": [10, 8, 7.5, 8.5], "texture": "#0"}
			}
		},
		{
			"from": [5.5, 5, 10.5],
			"to": [10.5, 7.1, 11],
			"rotation": {"angle": 0, "axis": "y", "origin": [12, -1, 12.5]},
			"faces": {
				"north": {"uv": [6, 6, 8.5, 7], "texture": "#0"},
				"east": {"uv": [6.5, 8.5, 7, 9.5], "texture": "#0"},
				"south": {"uv": [6, 7, 8.5, 8], "texture": "#0"},
				"west": {"uv": [8.5, 6.5, 9, 7.5], "texture": "#0"},
				"up": {"uv": [2.5, 9, 0, 8.5], "texture": "#0"},
				"down": {"uv": [11, 4, 8.5, 4.5], "texture": "#0"}
			}
		}
	],
	"display": {
		"thirdperson_righthand": {
			"rotation": [26, 78, 0],
			"translation": [-1, 4, 1.25],
			"scale": [0.8, 0.8, 0.8]
		},
		"firstperson_righthand": {
			"rotation": [16, 13, 2],
			"translation": [1.25, 6, 0],
			"scale": [1.2, 1.2, 1.2]
		},
		"ground": {
			"translation": [0, 5, 0]
		},
		"gui": {
			"rotation": [29, 144, 0],
			"translation": [0.25, 6.25, 0],
			"scale": [1.6, 1.6, 1.6]
		}
	}
}