{
	"credit": "Made with Blockbench",
	"texture_size": [64, 64],
	"textures": {
		"0": "block/kapushon",
		"particle": "block/kapushon"
	},
	"elements": [
		{
			"from": [2, -1, 3.6],
			"to": [2, 9, 13],
			"rotation": {"angle": 0, "axis": "y", "origin": [6, 0, 7]},
			"faces": {
				"north": {"uv": [0, 0, 0, 2.5], "texture": "#0"},
				"east": {"uv": [2.5, 0, 4.75, 2.5], "texture": "#0"},
				"south": {"uv": [0, 0, 0, 2.5], "texture": "#0"},
				"west": {"uv": [2.5, 2.5, 4.75, 5], "texture": "#0"},
				"up": {"uv": [0, 2.25, 0, 0], "texture": "#0"},
				"down": {"uv": [0, 0, 0, 2.25], "texture": "#0"}
			}
		},
		{
			"from": [2, -1, 13],
			"to": [12, 9, 13],
			"rotation": {"angle": 0, "axis": "y", "origin": [7, 0, 7]},
			"faces": {
				"north": {"uv": [0, 0, 2.5, 2.5], "texture": "#0"},
				"east": {"uv": [0, 0, 0, 2.5], "texture": "#0"},
				"south": {"uv": [0, 2.5, 2.5, 5], "texture": "#0"},
				"west": {"uv": [0, 0, 0, 2.5], "texture": "#0"},
				"up": {"uv": [2.5, 0, 0, 0], "texture": "#0"},
				"down": {"uv": [2.5, 0, 0, 0], "texture": "#0"}
			}
		},
		{
			"from": [2, 9, 3.275],
			"to": [12, 9, 13],
			"rotation": {"angle": 0, "axis": "y", "origin": [7, 0, 6]},
			"faces": {
				"north": {"uv": [0, 0, 2.5, 0], "texture": "#0"},
				"east": {"uv": [0, 0, 2.25, 0], "texture": "#0"},
				"south": {"uv": [0, 0, 2.5, 0], "texture": "#0"},
				"west": {"uv": [0, 0, 2.25, 0], "texture": "#0"},
				"up": {"uv": [2.5, 7.25, 0, 5], "texture": "#0"},
				"down": {"uv": [5, 5, 2.5, 7.25], "texture": "#0"}
			}
		},
		{
			"from": [12, -1, 3.725],
			"to": [12, 9, 13],
			"rotation": {"angle": 0, "axis": "y", "origin": [16, 0, 7]},
			"faces": {
				"north": {"uv": [0, 0, 0, 2.5], "texture": "#0"},
				"east": {"uv": [4.75, 0, 7, 2.5], "texture": "#0"},
				"south": {"uv": [0, 0, 0, 2.5], "texture": "#0"},
				"west": {"uv": [4.75, 2.5, 7, 5], "texture": "#0"},
				"up": {"uv": [0, 2.25, 0, 0], "texture": "#0"},
				"down": {"uv": [0, 0, 0, 2.25], "texture": "#0"}
			}
		},
		{
			"from": [3, 9.025, 5],
			"to": [11, 9.3, 12],
			"rotation": {"angle": 0, "axis": "y", "origin": [7, 9, 7]},
			"faces": {
				"north": {"uv": [2, 7.25, 4, 7.5], "texture": "#0"},
				"east": {"uv": [7, 7.5, 8.75, 7.75], "texture": "#0"},
				"south": {"uv": [2, 7.5, 4, 7.75], "texture": "#0"},
				"west": {"uv": [0, 7.75, 1.75, 8], "texture": "#0"},
				"up": {"uv": [7, 6.75, 5, 5], "texture": "#0"},
				"down": {"uv": [7, 6.75, 5, 8.5], "texture": "#0"}
			}
		},
		{
			"from": [2, -8, 7],
			"to": [2, 0, 8],
			"rotation": {"angle": 0, "axis": "y", "origin": [0, -2, 6]},
			"faces": {
				"north": {"uv": [0, 0, 0, 2], "texture": "#0"},
				"east": {"uv": [0, 0, 0.25, 2], "rotation": 180, "texture": "#0"},
				"south": {"uv": [0, 0, 0, 2], "texture": "#0"},
				"west": {"uv": [0, 0, 0.25, 2], "rotation": 180, "texture": "#0"},
				"up": {"uv": [0, 0, 0, 0.25], "texture": "#0"},
				"down": {"uv": [0, 0, 0, 0.25], "texture": "#0"}
			}
		},
		{
			"from": [12, -7, 11],
			"to": [12, 1, 12],
			"rotation": {"angle": 0, "axis": "y", "origin": [10, -1, 10]},
			"faces": {
				"north": {"uv": [0, 0, 0, 2], "texture": "#0"},
				"east": {"uv": [0, 0, 0.25, 2], "rotation": 180, "texture": "#0"},
				"south": {"uv": [0, 0, 0, 2], "texture": "#0"},
				"west": {"uv": [0, 0, 0.25, 2], "rotation": 180, "texture": "#0"},
				"up": {"uv": [0, 0, 0, 0.25], "texture": "#0"},
				"down": {"uv": [0, 0, 0, 0.25], "texture": "#0"}
			}
		}
	],
	"display": {
		"thirdperson_righthand": {
			"translation": [1, 2, 0],
			"scale": [0.6, 0.6, 0.6]
		},
		"firstperson_righthand": {
			"rotation": [0, 119, 0],
			"translation": [6, 5, -8.75]
		},
		"ground": {
			"translation": [0, 6.5, 0],
			"scale": [0.7, 0.7, 0.7]
		},
		"gui": {
			"rotation": [16, 153, 0],
			"translation": [-1, 3, 0],
			"scale": [0.9, 0.9, 0.9]
		},
		"head": {
			"translation": [1.75, 5.75, -0.5],
			"scale": [1.6, 1.6, 1.6]
		}
	}
}