{
	"credit": "Made with Blockbench",
	"texture_size": [128, 128],
	"textures": {
		"0": "block/green_arena",
		"particle": "block/green_arena"
	},
	"elements": [
		{
			"from": [-16, 0, -16],
			"to": [32, 1, -14],
			"rotation": {"angle": 0, "axis": "y", "origin": [0, 0, -16]},
			"faces": {
				"north": {"uv": [0.75, 6, 6.75, 6.125], "texture": "#0"},
				"east": {"uv": [5.75, 0, 6, 0.125], "texture": "#0"},
				"south": {"uv": [6, 5.5, 12, 5.625], "texture": "#0"},
				"west": {"uv": [5.75, 0.125, 6, 0.25], "texture": "#0"},
				"up": {"uv": [6, 5.25, 0, 5], "texture": "#0"},
				"down": {"uv": [6, 5.25, 0, 5.5], "texture": "#0"}
			}
		},
		{
			"from": [-16, 0, -14],
			"to": [-14, 1, 30],
			"rotation": {"angle": 0, "axis": "y", "origin": [0, 0, -14]},
			"faces": {
				"north": {"uv": [5.75, 0.25, 6, 0.375], "texture": "#0"},
				"east": {"uv": [6, 5.875, 11.5, 6], "texture": "#0"},
				"south": {"uv": [5.75, 0.375, 6, 0.5], "texture": "#0"},
				"west": {"uv": [0.75, 6.125, 6.25, 6.25], "texture": "#0"},
				"up": {"uv": [0.25, 11.5, 0, 6], "texture": "#0"},
				"down": {"uv": [6.25, 0, 6, 5.5], "texture": "#0"}
			}
		},
		{
			"from": [30, 0, -14],
			"to": [32, 1, 30],
			"rotation": {"angle": 0, "axis": "y", "origin": [46, 0, -14]},
			"faces": {
				"north": {"uv": [5.75, 0.5, 6, 0.625], "texture": "#0"},
				"east": {"uv": [6.25, 0, 11.75, 0.125], "texture": "#0"},
				"south": {"uv": [5.75, 0.625, 6, 0.75], "texture": "#0"},
				"west": {"uv": [6.25, 0.125, 11.75, 0.25], "texture": "#0"},
				"up": {"uv": [0.5, 11.5, 0.25, 6], "texture": "#0"},
				"down": {"uv": [0.75, 6, 0.5, 11.5], "texture": "#0"}
			}
		},
		{
			"from": [-16, 0, 30],
			"to": [32, 1, 32],
			"rotation": {"angle": 0, "axis": "y", "origin": [0, 0, 30]},
			"faces": {
				"north": {"uv": [6, 5.625, 12, 5.75], "texture": "#0"},
				"east": {"uv": [5.75, 0.75, 6, 0.875], "texture": "#0"},
				"south": {"uv": [6, 5.75, 12, 5.875], "texture": "#0"},
				"west": {"uv": [5.75, 0.875, 6, 1], "texture": "#0"},
				"up": {"uv": [6, 5.75, 0, 5.5], "texture": "#0"},
				"down": {"uv": [6, 5.75, 0, 6], "texture": "#0"}
			}
		},
		{
			"from": [-15, 1, 30.975],
			"to": [31, 6, 30.975],
			"rotation": {"angle": 0, "axis": "y", "origin": [0, 1, 30.225]},
			"faces": {
				"north": {"uv": [0, 0, 5.75, 0.625], "texture": "#0"},
				"east": {"uv": [0, 0, 0, 0.625], "texture": "#0"},
				"south": {"uv": [0, 0.625, 5.75, 1.25], "texture": "#0"},
				"west": {"uv": [0, 0, 0, 0.625], "texture": "#0"},
				"up": {"uv": [5.75, 0, 0, 0], "texture": "#0"},
				"down": {"uv": [5.75, 0, 0, 0], "texture": "#0"}
			}
		},
		{
			"from": [-15, 1, -15.025],
			"to": [31, 6, -15.025],
			"rotation": {"angle": 0, "axis": "y", "origin": [0, 1, -15.775]},
			"faces": {
				"north": {"uv": [0, 1.25, 5.75, 1.875], "texture": "#0"},
				"east": {"uv": [0, 0, 0, 0.625], "texture": "#0"},
				"south": {"uv": [0, 1.875, 5.75, 2.5], "texture": "#0"},
				"west": {"uv": [0, 0, 0, 0.625], "texture": "#0"},
				"up": {"uv": [5.75, 0, 0, 0], "texture": "#0"},
				"down": {"uv": [5.75, 0, 0, 0], "texture": "#0"}
			}
		},
		{
			"from": [31, 1, -15.025],
			"to": [31, 6, 30.975],
			"rotation": {"angle": 0, "axis": "y", "origin": [-1, 1, -13.775]},
			"faces": {
				"north": {"uv": [0, 0, 0, 0.625], "texture": "#0"},
				"east": {"uv": [0, 2.5, 5.75, 3.125], "texture": "#0"},
				"south": {"uv": [0, 0, 0, 0.625], "texture": "#0"},
				"west": {"uv": [0, 3.125, 5.75, 3.75], "texture": "#0"},
				"up": {"uv": [0, 5.75, 0, 0], "texture": "#0"},
				"down": {"uv": [0, 0, 0, 5.75], "texture": "#0"}
			}
		},
		{
			"from": [-15, 1, -15.025],
			"to": [-15, 6, 30.975],
			"rotation": {"angle": 0, "axis": "y", "origin": [-47, 1, -13.775]},
			"faces": {
				"north": {"uv": [0, 0, 0, 0.625], "texture": "#0"},
				"east": {"uv": [0, 3.75, 5.75, 4.375], "texture": "#0"},
				"south": {"uv": [0, 0, 0, 0.625], "texture": "#0"},
				"west": {"uv": [0, 4.375, 5.75, 5], "texture": "#0"},
				"up": {"uv": [0, 5.75, 0, 0], "texture": "#0"},
				"down": {"uv": [0, 0, 0, 5.75], "texture": "#0"}
			}
		}
	]
}