{
	"credit": "Made with Blockbench",
	"texture_size": [32, 32],
	"textures": {
		"0": "block/redmagnit",
		"particle": "block/redmagnit"
	},
	"elements": [
		{
			"from": [7, 5, 1],
			"to": [9, 7, 11],
			"rotation": {"angle": 0, "axis": "y", "origin": [7, 5, 7]},
			"faces": {
				"north": {"uv": [6, 0, 7, 1], "texture": "#0"},
				"east": {"uv": [2, 2, 7, 3], "texture": "#0"},
				"south": {"uv": [6, 1, 7, 2], "texture": "#0"},
				"west": {"uv": [2, 3, 7, 4], "texture": "#0"},
				"up": {"uv": [3, 9, 2, 4], "texture": "#0"},
				"down": {"uv": [4, 4, 3, 9], "texture": "#0"}
			}
		},
		{
			"from": [7, 12, 1],
			"to": [9, 14, 11],
			"rotation": {"angle": 0, "axis": "y", "origin": [7, 12, 7]},
			"faces": {
				"north": {"uv": [5, 0, 6, 1], "texture": "#0"},
				"east": {"uv": [0, 0, 5, 1], "texture": "#0"},
				"south": {"uv": [5, 1, 6, 2], "texture": "#0"},
				"west": {"uv": [0, 1, 5, 2], "texture": "#0"},
				"up": {"uv": [1, 7, 0, 2], "texture": "#0"},
				"down": {"uv": [2, 2, 1, 7], "texture": "#0"}
			}
		},
		{
			"from": [7, 7, 9],
			"to": [9, 12, 11],
			"rotation": {"angle": 0, "axis": "y", "origin": [7, 10, 7]},
			"faces": {
				"north": {"uv": [4, 4, 5, 6.5], "texture": "#0"},
				"east": {"uv": [5, 4, 6, 6.5], "texture": "#0"},
				"south": {"uv": [6, 4, 7, 6.5], "texture": "#0"},
				"west": {"uv": [4, 6.5, 5, 9], "texture": "#0"},
				"up": {"uv": [6, 7.5, 5, 6.5], "texture": "#0"},
				"down": {"uv": [7, 6.5, 6, 7.5], "texture": "#0"}
			}
		}
	],
	"display": {
		"thirdperson_righthand": {
			"translation": [0, -3.25, 0],
			"scale": [0.7, 0.7, 0.5]
		},
		"firstperson_righthand": {
			"rotation": [22, 0, 0],
			"translation": [5.5, 0.5, -4.5],
			"scale": [0.8, 0.8, 0.6]
		},
		"ground": {
			"rotation": [0, 0, 90],
			"translation": [0, 0, 1.25],
			"scale": [0.8, 0.8, 0.63]
		},
		"gui": {
			"rotation": [37, 77, -80],
			"translation": [1.75, -2, 0],
			"scale": [1.3, 1.3, 1.2]
		}
	}
}