{
	"credit": "Made with Blockbench",
	"texture_size": [32, 32],
	"textures": {
		"0": "block/hlopushka",
		"particle": "block/hlopushka"
	},
	"elements": [
		{
			"from": [6, 0, 0],
			"to": [10, 4, 15],
			"rotation": {"angle": 0, "axis": "y", "origin": [7, 1, 10]},
			"faces": {
				"north": {"uv": [4, 4, 6, 6], "texture": "#0"},
				"east": {"uv": [0, 0, 7.5, 2], "texture": "#0"},
				"south": {"uv": [4, 6, 6, 8], "texture": "#0"},
				"west": {"uv": [0, 2, 7.5, 4], "texture": "#0"},
				"up": {"uv": [2, 11.5, 0, 4], "texture": "#0"},
				"down": {"uv": [4, 4, 2, 11.5], "texture": "#0"}
			}
		}
	],
	"display": {
		"thirdperson_righthand": {
			"rotation": [107, 2, 0],
			"translation": [-0.5, -1, 5],
			"scale": [0.6, 0.6, 0.6]
		},
		"firstperson_righthand": {
			"rotation": [23, 8, -11],
			"translation": [14.75, 6.5, -8.25],
			"scale": [1.76, 1.86, 1]
		},
		"ground": {
			"translation": [0, 6.5, 0],
			"scale": [0.7, 0.7, 0.7]
		},
		"gui": {
			"rotation": [25, 137, 0],
			"translation": [0.25, 6.75, 0],
			"scale": [1.2, 1.2, 1.2]
		},
		"head": {
			"translation": [1.75, 5.75, -0.5],
			"scale": [1.6, 1.6, 1.6]
		}
	}
}