{
	"credit": "Made with Blockbench",
	"textures": {
		"1": "block/clockcra",
		"2": "block/clock_side",
		"particle": "blokc/clock_side"
	},
	"elements": [
		{
			"from": [5.5, 0, 8.25],
			"to": [10, 4.5, 8.75],
			"rotation": {"angle": 0, "axis": "y", "origin": [7, 0, 7.5]},
			"faces": {
				"north": {"uv": [0, 0, 4.5, 4.5], "texture": "#1"},
				"east": {"uv": [5, 0, 5.5, 4.5], "texture": "#1"},
				"south": {"uv": [0, 5, 4.5, 9.5], "texture": "#1"},
				"west": {"uv": [5, 5, 5.5, 9.5], "texture": "#1"},
				"up": {"uv": [10.5, 0.5, 6, 0], "texture": "#1"},
				"down": {"uv": [10.5, 1, 6, 1.5], "texture": "#1"}
			}
		},
		{
			"from": [7.25, 4.5, 8.125],
			"to": [8.25, 4.925, 8.625],
			"rotation": {"angle": 0, "axis": "y", "origin": [7.25, 4.5, 7.5]},
			"faces": {
				"north": {"uv": [7, 7, 8, 8], "texture": "#2"},
				"east": {"uv": [0, 8, 1, 9], "texture": "#2"},
				"south": {"uv": [8, 0, 9, 1], "texture": "#2"},
				"west": {"uv": [1, 8, 2, 9], "texture": "#2"},
				"up": {"uv": [9, 2, 8, 1], "texture": "#2"},
				"down": {"uv": [3, 8, 2, 9], "texture": "#2"}
			}
		},
		{
			"from": [5.475, 2.25, 8.125],
			"to": [5.725, 2.675, 8.625],
			"rotation": {"angle": 0, "axis": "y", "origin": [4.725, 2.25, 7.5]},
			"faces": {
				"north": {"uv": [6, 8, 7, 9], "texture": "#2"},
				"east": {"uv": [8, 6, 9, 7], "texture": "#2"},
				"south": {"uv": [7, 8, 8, 9], "texture": "#2"},
				"west": {"uv": [8, 7, 9, 8], "texture": "#2"},
				"up": {"uv": [9, 9, 8, 8], "texture": "#2"},
				"down": {"uv": [1, 9, 0, 10], "texture": "#2"}
			}
		},
		{
			"from": [5.5, 4, 8],
			"to": [10, 4.5, 8.25],
			"rotation": {"angle": 0, "axis": "y", "origin": [9.5, 0.5, 7.25]},
			"faces": {
				"north": {"uv": [3, 5, 6, 6], "texture": "#2"},
				"east": {"uv": [6, 7, 7, 8], "texture": "#2"},
				"south": {"uv": [5, 3, 8, 4], "texture": "#2"},
				"west": {"uv": [7, 6, 8, 7], "texture": "#2"},
				"up": {"uv": [6, 7, 3, 6], "texture": "#2"},
				"down": {"uv": [9, 4, 6, 5], "texture": "#2"}
			}
		},
		{
			"from": [6, 0, 8],
			"to": [9.5, 0.5, 8.25],
			"rotation": {"angle": 0, "axis": "y", "origin": [9.5, -3.5, 7.25]},
			"faces": {
				"north": {"uv": [3, 4, 6, 5], "texture": "#2"},
				"east": {"uv": [5, 7, 6, 8], "texture": "#2"},
				"south": {"uv": [5, 0, 8, 1], "texture": "#2"},
				"west": {"uv": [7, 5, 8, 6], "texture": "#2"},
				"up": {"uv": [8, 2, 5, 1], "texture": "#2"},
				"down": {"uv": [8, 2, 5, 3], "texture": "#2"}
			}
		},
		{
			"from": [5.5, 0, 8],
			"to": [6, 4, 8.25],
			"rotation": {"angle": 0, "axis": "y", "origin": [6.5, 0, 7.25]},
			"faces": {
				"north": {"uv": [0, 4, 1, 8], "texture": "#2"},
				"east": {"uv": [4, 0, 5, 4], "texture": "#2"},
				"south": {"uv": [1, 4, 2, 8], "texture": "#2"},
				"west": {"uv": [2, 4, 3, 8], "texture": "#2"},
				"up": {"uv": [4, 8, 3, 7], "texture": "#2"},
				"down": {"uv": [5, 7, 4, 8], "texture": "#2"}
			}
		},
		{
			"from": [6.025, -1, 8.3],
			"to": [6.525, 0, 8.3],
			"rotation": {"angle": 22.5, "axis": "y", "origin": [7.025, -4, 7.3]},
			"faces": {
				"north": {"uv": [8, 2, 9, 3], "texture": "#2"},
				"east": {"uv": [0, 0, 0, 1], "texture": "#2"},
				"south": {"uv": [3, 8, 4, 9], "texture": "#2"},
				"west": {"uv": [0, 0, 0, 1], "texture": "#2"},
				"up": {"uv": [1, 0, 0, 0], "texture": "#2"},
				"down": {"uv": [1, 0, 0, 0], "texture": "#2"}
			}
		},
		{
			"from": [5.575, -1.975, 8.275],
			"to": [6, -0.975, 8.275],
			"rotation": {"angle": 45, "axis": "y", "origin": [6.55, -4.975, 7.275]},
			"faces": {
				"north": {"uv": [8, 3, 9, 4], "texture": "#2"},
				"east": {"uv": [0, 0, 0, 1], "texture": "#2"},
				"south": {"uv": [4, 8, 5, 9], "texture": "#2"},
				"west": {"uv": [0, 0, 0, 1], "texture": "#2"},
				"up": {"uv": [1, 0, 0, 0], "texture": "#2"},
				"down": {"uv": [1, 0, 0, 0], "texture": "#2"}
			}
		},
		{
			"from": [6.125, -2.95, 8.3],
			"to": [6.425, -1.95, 8.3],
			"rotation": {"angle": 22.5, "axis": "y", "origin": [7.025, -5.95, 7.3]},
			"faces": {
				"north": {"uv": [5, 8, 6, 9], "texture": "#2"},
				"east": {"uv": [0, 0, 0, 1], "texture": "#2"},
				"south": {"uv": [8, 5, 9, 6], "texture": "#2"},
				"west": {"uv": [0, 0, 0, 1], "texture": "#2"},
				"up": {"uv": [1, 0, 0, 0], "texture": "#2"},
				"down": {"uv": [1, 0, 0, 0], "texture": "#2"}
			}
		},
		{
			"from": [9.5, 0, 8],
			"to": [10, 4, 8.25],
			"rotation": {"angle": 0, "axis": "y", "origin": [10.5, 0, 7.25]},
			"faces": {
				"north": {"uv": [0, 0, 1, 4], "texture": "#2"},
				"east": {"uv": [1, 0, 2, 4], "texture": "#2"},
				"south": {"uv": [2, 0, 3, 4], "texture": "#2"},
				"west": {"uv": [3, 0, 4, 4], "texture": "#2"},
				"up": {"uv": [7, 6, 6, 5], "texture": "#2"},
				"down": {"uv": [7, 6, 6, 7], "texture": "#2"}
			}
		}
	],
	"display": {
		"thirdperson_righthand": {
			"rotation": [0, 159, 0],
			"translation": [-1, 7.25, 1.25]
		},
		"firstperson_righthand": {
			"rotation": [0, 165, 0],
			"translation": [3.75, 10.25, -2.5],
			"scale": [1.2, 1.2, 1.2]
		},
		"ground": {
			"translation": [0, 7.25, 0]
		},
		"gui": {
			"rotation": [35, 137, 0],
			"translation": [-0.75, 10, 0],
			"scale": [2.2, 2.2, 2.2]
		}
	},
	"groups": [
		{
			"name": "model",
			"origin": [8, 8, 8],
			"color": 0,
			"children": [0, 1, 2, 3, 4, 5, 6, 7, 8, 9]
		}
	]
}