{
	"credit": "Made with Blockbench",
	"texture_size": [8, 8],
	"textures": {
		"0": "block/portalgun",
		"1": "block/portal1",
		"particle": "block/portalgun"
	},
	"elements": [
		{
			"name": "backcase",
			"from": [5.5, 5.5, 8],
			"to": [10.5, 9.5, 15],
			"rotation": {"angle": 0, "axis": "x", "origin": [8, 7, 8]},
			"faces": {
				"north": {"uv": [0, 2, 2.5, 6], "texture": "#0"},
				"east": {"uv": [6, 10, 2.5, 14], "texture": "#0"},
				"south": {"uv": [0, 7, 2.5, 11], "texture": "#0"},
				"west": {"uv": [2.5, 10, 6, 14], "texture": "#0"},
				"up": {"uv": [2.5, 0, 6, 5], "rotation": 90, "texture": "#0"},
				"down": {"uv": [2.5, 5, 6, 10], "rotation": 90, "texture": "#0"}
			}
		},
		{
			"name": "handle",
			"from": [6.001, 4.501, 8.001],
			"to": [9.999, 6.499, 13.999],
			"rotation": {"angle": 0, "axis": "y", "origin": [8, 7.5, -1]},
			"faces": {
				"north": {"uv": [13.5, 7, 14.5, 11], "rotation": 90, "texture": "#0"},
				"east": {"uv": [10.5, 11, 13.5, 13], "texture": "#0"},
				"south": {"uv": [14.5, 7, 15.5, 11], "rotation": 90, "texture": "#0"},
				"west": {"uv": [10.5, 11, 13.5, 13], "texture": "#0"},
				"down": {"uv": [10.5, 7, 13.5, 11], "rotation": 270, "texture": "#0"}
			}
		},
		{
			"name": "muzzle",
			"from": [7, 6.5, -1],
			"to": [9, 8.5, 2],
			"rotation": {"angle": 0, "axis": "y", "origin": [8, 7.5, -1]},
			"faces": {
				"north": {"uv": [9.5, 0, 10.5, 2], "texture": "#0"},
				"east": {"uv": [9.5, 2, 8, 4], "texture": "#0"},
				"south": {"uv": [9.5, 0, 10.5, 2], "texture": "#0"},
				"west": {"uv": [8, 2, 9.5, 4], "texture": "#0"},
				"up": {"uv": [8, 0, 9.5, 2], "rotation": 90, "texture": "#0"},
				"down": {"uv": [9.5, 6, 8, 4], "rotation": 90, "texture": "#0"}
			}
		},
		{
			"name": "disc",
			"from": [6.5, 6, 2],
			"to": [9.5, 9, 4],
			"rotation": {"angle": 0, "axis": "y", "origin": [8, 7.5, -1]},
			"faces": {
				"north": {"uv": [13, 2, 14.5, 5], "texture": "#0"},
				"east": {"uv": [10.5, 2, 9.5, 5], "texture": "#0"},
				"south": {"uv": [10.5, 2, 12, 5], "texture": "#0"},
				"west": {"uv": [13, 2, 12, 5], "texture": "#0"},
				"up": {"uv": [10.5, 0, 12, 2], "texture": "#0"},
				"down": {"uv": [10.5, 5, 12, 7], "rotation": 180, "texture": "#0"}
			}
		},
		{
			"name": "tube",
			"from": [7, 6.5, 4],
			"to": [9, 8.5, 9],
			"rotation": {"angle": 0, "axis": "y", "origin": [8, 7.25, 8.75]},
			"faces": {
				"east": {"uv": [2.5, 1, 0, 2], "texture": "#0"},
				"west": {"uv": [0, 1, 2.5, 2], "texture": "#0"},
				"up": {"uv": [0, 0, 2.5, 1], "rotation": 90, "texture": "#0"}
			}
		},
		{
			"name": "tube",
			"from": [7.5, 6.75, 4],
			"to": [8.5, 7.75, 9],
			"rotation": {"angle": 0, "axis": "y", "origin": [8.5, 7.5, 8.75]},
			"faces": {
				"east": {"uv": [0, 0, 10, 2], "texture": "#1"},
				"west": {"uv": [0, 2, 10, 4], "texture": "#1"},
				"up": {"uv": [2, 14, 0, 4], "texture": "#1"}
			}
		},
		{
			"name": "lowertube",
			"from": [6.499, 4.999, 3.999],
			"to": [9.501, 7.001, 8.001],
			"rotation": {"angle": 0, "axis": "y", "origin": [8, 7.5, -1]},
			"faces": {
				"east": {"uv": [10.5, 9, 8.5, 11], "texture": "#0"},
				"west": {"uv": [8.5, 9, 10.5, 11], "texture": "#0"},
				"up": {"uv": [8.5, 6, 10.5, 9], "rotation": 90, "texture": "#0"},
				"down": {"uv": [8.5, 11, 10.5, 14], "rotation": 270, "texture": "#0"}
			}
		},
		{
			"name": "frontcase",
			"from": [5.75, 4, 0],
			"to": [10.25, 7, 5],
			"rotation": {"angle": 0, "axis": "x", "origin": [8, 7, 4]},
			"faces": {
				"north": {"uv": [6, 0, 8, 3], "texture": "#0"},
				"east": {"uv": [2.5, 12, 0, 15], "texture": "#0"},
				"south": {"uv": [6, 3, 8, 6], "texture": "#0"},
				"west": {"uv": [0, 12, 2.5, 15], "texture": "#0"},
				"up": {"uv": [6, 6, 8.5, 10], "rotation": 90, "texture": "#0"},
				"down": {"uv": [8.5, 14, 6, 10], "rotation": 90, "texture": "#0"}
			}
		},
		{
			"name": "claw",
			"from": [8, 8.75, -3],
			"to": [8, 11.75, 3],
			"rotation": {"angle": 0, "axis": "y", "origin": [8, 7.5, -1]},
			"faces": {
				"east": {"uv": [10.5, 13, 13.5, 16], "texture": "#0"},
				"west": {"uv": [13.5, 13, 10.5, 16], "texture": "#0"}
			}
		},
		{
			"name": "claw",
			"from": [3.75, 6.5, -3],
			"to": [6.75, 6.5, 3],
			"rotation": {"angle": 22.5, "axis": "z", "origin": [8, 6.5, -1]},
			"faces": {
				"up": {"uv": [10.5, 13, 13.5, 16], "rotation": 270, "texture": "#0"},
				"down": {"uv": [10.5, 13, 13.5, 16], "rotation": 270, "texture": "#0"}
			}
		},
		{
			"name": "claw",
			"from": [9.25, 6.5, -3],
			"to": [12.25, 6.5, 3],
			"rotation": {"angle": -22.5, "axis": "z", "origin": [8, 6.5, -1]},
			"faces": {
				"up": {"uv": [13.5, 13, 10.5, 16], "rotation": 90, "texture": "#0"},
				"down": {"uv": [10.5, 13, 13.5, 16], "rotation": 90, "texture": "#0"}
			}
		}
	],
	"gui_light": "front",
	"overrides": [
		{"predicate": {"pulling": 1}, "model": "item/portalgun_state1"},
		{"predicate": {"pulling": 1, "pull": 0.25}, "model": "item/portalgun_state2"},
		{"predicate": {"pulling": 1, "pull": 1}, "model": "item/portalgun_state3"},
		{"predicate": {"charged": 1}, "model": "item/portalgun_state3"},
		{"predicate": {"charged": 1, "firework": 1}, "model": "item/portalgun_state4"}
	],
	"display": {
		"thirdperson_righthand": {
			"translation": [0, -1, -1.5]
		},
		"thirdperson_lefthand": {
			"translation": [0, -1, -1.5]
		},
		"firstperson_righthand": {
			"rotation": [10, 2.5, -2.5],
			"translation": [-2, 3.75, 3],
			"scale": [1, 1, 0.8]
		},
		"firstperson_lefthand": {
			"rotation": [-78, 13, -2.5],
			"translation": [-1.25, 4.5, 3],
			"scale": [1, 1, 0.8]
		},
		"ground": {
			"rotation": [7, 0, 0],
			"translation": [0, 0, 1],
			"scale": [0.75, 0.75, 0.75]
		},
		"gui": {
			"rotation": [30, 123, 0],
			"translation": [1.5, 0.75, 0]
		},
		"head": {
			"rotation": [5, 0, 0],
			"translation": [0, 8.5, 0]
		},
		"fixed": {
			"rotation": [0, -90, 0],
			"translation": [-1.5, 0, 0]
		}
	},
	"groups": [
		{
			"name": "crossbow",
			"origin": [8, 8, 8],
			"color": 0,
			"children": [
				{
					"name": "portalgun",
					"origin": [8, 2.5, 8.5],
					"color": 0,
					"children": [
						0,
						1,
						{
							"name": "barrel",
							"origin": [8, 3, 10],
							"color": 0,
							"children": [
								2,
								3,
								4,
								5,
								6,
								7,
								{
									"name": "claw",
									"origin": [8, 3.75, 1],
									"color": 0,
									"children": [8, 9, 10]
								}
							]
						}
					]
				}
			]
		}
	]
}