{
	"credit": "Made with Blockbench",
	"textures": {
		"0": "block/bimba",
		"particle": "block/bimba"
	},
	"elements": [
		{
			"from": [4, 0, 4],
			"to": [12, 8, 12],
			"rotation": {"angle": 0, "axis": "y", "origin": [7, 0, 7]},
			"faces": {
				"north": {"uv": [0, 0, 4, 4], "texture": "#0"},
				"east": {"uv": [0, 4, 4, 8], "texture": "#0"},
				"south": {"uv": [4, 0, 8, 4], "texture": "#0"},
				"west": {"uv": [4, 4, 8, 8], "texture": "#0"},
				"up": {"uv": [4, 12, 0, 8], "texture": "#0"},
				"down": {"uv": [12, 0, 8, 4], "texture": "#0"}
			}
		},
		{
			"from": [8, 7.25, 5.2],
			"to": [8, 14.25, 7.2],
			"rotation": {"angle": 45, "axis": "x", "origin": [3, 7.25, 5.2]},
			"faces": {
				"north": {"uv": [0, 0, 0, 3.5], "texture": "#0"},
				"east": {"uv": [4, 8, 5, 11.5], "texture": "#0"},
				"south": {"uv": [0, 0, 0, 3.5], "texture": "#0"},
				"west": {"uv": [8, 4, 9, 7.5], "texture": "#0"},
				"up": {"uv": [0, 1, 0, 0], "texture": "#0"},
				"down": {"uv": [0, 0, 0, 1], "texture": "#0"}
			}
		}
	],
	"display": {
		"thirdperson_righthand": {
			"rotation": [0, 17, 0],
			"translation": [-0.5, 0.75, -0.5],
			"scale": [0.5, 0.5, 0.5]
		},
		"thirdperson_lefthand": {
			"translation": [0, -2, 0],
			"scale": [0.4, 0.4, 0.4]
		},
		"firstperson_righthand": {
			"rotation": [0, 29, 0],
			"translation": [0.5, 4.75, 0.5],
			"scale": [0.6, 0.6, 0.6]
		},
		"ground": {
			"translation": [0, 2.75, 0],
			"scale": [0.6, 0.6, 0.6]
		},
		"gui": {
			"rotation": [20, 54, 0],
			"translation": [0.25, 3.5, 0],
			"scale": [1.2, 1.2, 1.2]
		}
	},
	"groups": [
		{
			"name": "snowball",
			"origin": [8, 8, 8],
			"color": 0,
			"children": [0, 1]
		}
	]
}