{
	"credit": "Made with Blockbench",
	"texture_size": [64, 64],
	"textures": {
		"0": "block/dinamet",
		"particle": "block/dinamet"
	},
	"elements": [
		{
			"from": [7, 1, 0],
			"to": [9, 9, 2],
			"rotation": {"angle": 0, "axis": "y", "origin": [7, 1, 0]},
			"faces": {
				"north": {"uv": [6, 4, 6.5, 6], "texture": "#0"},
				"east": {"uv": [6, 6, 6.5, 8], "texture": "#0"},
				"south": {"uv": [6.25, 0, 6.75, 2], "texture": "#0"},
				"west": {"uv": [6.25, 2, 6.75, 4], "texture": "#0"},
				"up": {"uv": [7.5, 5.5, 7, 5], "texture": "#0"},
				"down": {"uv": [7.5, 5.5, 7, 6], "texture": "#0"}
			}
		},
		{
			"from": [7, 5, 12],
			"to": [9, 9, 14],
			"rotation": {"angle": 0, "axis": "y", "origin": [7, 1, 12]},
			"faces": {
				"north": {"uv": [6.5, 4, 7, 5], "texture": "#0"},
				"east": {"uv": [6.5, 5, 7, 6], "texture": "#0"},
				"south": {"uv": [6.5, 6, 7, 7], "texture": "#0"},
				"west": {"uv": [6.75, 0, 7.25, 1], "texture": "#0"},
				"up": {"uv": [7.5, 6.5, 7, 6], "texture": "#0"},
				"down": {"uv": [7, 7, 6.5, 7.5], "texture": "#0"}
			}
		},
		{
			"from": [7.025, 7.475, 15.375],
			"to": [8.975, 11.475, 16.925],
			"rotation": {"angle": -45, "axis": "x", "origin": [7, 3.475, 14.65]},
			"faces": {
				"north": {"uv": [6.75, 1, 7.25, 2], "texture": "#0"},
				"east": {"uv": [6.75, 2, 7.25, 3], "texture": "#0"},
				"south": {"uv": [6.75, 3, 7.25, 4], "texture": "#0"},
				"west": {"uv": [7, 4, 7.5, 5], "texture": "#0"},
				"up": {"uv": [7.5, 7, 7, 6.5], "texture": "#0"},
				"down": {"uv": [7.5, 7, 7, 7.5], "texture": "#0"}
			}
		},
		{
			"from": [4, 9, -5],
			"to": [12, 17, 20],
			"rotation": {"angle": 0, "axis": "y", "origin": [7, 8, 7]},
			"faces": {
				"north": {"uv": [4, 4, 6, 6], "texture": "#0"},
				"east": {"uv": [0, 0, 6.25, 2], "texture": "#0"},
				"south": {"uv": [4, 6, 6, 8], "texture": "#0"},
				"west": {"uv": [0, 2, 6.25, 4], "texture": "#0"},
				"up": {"uv": [2, 10.25, 0, 4], "texture": "#0"},
				"down": {"uv": [4, 4, 2, 10.25], "texture": "#0"}
			}
		}
	],
	"display": {
		"thirdperson_righthand": {
			"rotation": [0, 8, 0],
			"translation": [1.5, -0.5, 6.25],
			"scale": [0.9, 0.9, 0.9]
		},
		"firstperson_righthand": {
			"rotation": [7, -1, 5],
			"translation": [7, 0.75, -2],
			"scale": [0.9, 0.9, 0.9]
		},
		"ground": {
			"translation": [0, 2.5, 0],
			"scale": [0.5, 0.5, 0.5]
		},
		"gui": {
			"rotation": [17, 141, 0],
			"translation": [0.5, -1.5, 0],
			"scale": [0.7, 0.7, 0.7]
		}
	}
}