{
	"credit": "Made with Blockbench",
	"texture_size": [32, 32],
	"textures": {
		"0": "block/nightmare",
		"particle": "block/nightmare"
	},
	"elements": [
		{
			"from": [6.5, -4, 6],
			"to": [9.5, 6, 10],
			"rotation": {"angle": 0, "axis": "y", "origin": [7, 0, 7]},
			"faces": {
				"north": {"uv": [4, 0, 5.5, 5], "texture": "#0"},
				"east": {"uv": [0, 0, 2, 5], "texture": "#0"},
				"south": {"uv": [0, 5, 1.5, 10], "texture": "#0"},
				"west": {"uv": [2, 0, 4, 5], "texture": "#0"},
				"up": {"uv": [7, 2, 5.5, 0], "texture": "#0"},
				"down": {"uv": [7, 2, 5.5, 4], "texture": "#0"}
			}
		},
		{
			"from": [6.75, 6, 6.25],
			"to": [9.25, 9, 9.75],
			"rotation": {"angle": 0, "axis": "y", "origin": [7, 3, 7]},
			"faces": {
				"north": {"uv": [6, 7.5, 7.5, 9], "texture": "#0"},
				"east": {"uv": [7, 0, 9, 1.5], "texture": "#0"},
				"south": {"uv": [7.5, 7.5, 9, 9], "texture": "#0"},
				"west": {"uv": [7, 1.5, 9, 3], "texture": "#0"},
				"up": {"uv": [8.5, 5, 7, 3], "texture": "#0"},
				"down": {"uv": [3, 7.5, 1.5, 9.5], "texture": "#0"}
			}
		},
		{
			"from": [7, 9, 5],
			"to": [9, 14, 11],
			"rotation": {"angle": 0, "axis": "y", "origin": [7, 9, 7]},
			"faces": {
				"north": {"uv": [5, 7.5, 6, 10], "texture": "#0"},
				"east": {"uv": [1.5, 5, 4.5, 7.5], "texture": "#0"},
				"south": {"uv": [7.5, 5, 8.5, 7.5], "texture": "#0"},
				"west": {"uv": [4.5, 5, 7.5, 7.5], "texture": "#0"},
				"up": {"uv": [4, 10.5, 3, 7.5], "texture": "#0"},
				"down": {"uv": [5, 7.5, 4, 10.5], "texture": "#0"}
			}
		},
		{
			"from": [7, 14, 5.25],
			"to": [8, 18, 6.25],
			"rotation": {"angle": 22.5, "axis": "z", "origin": [9, 14, 7.25]},
			"faces": {
				"north": {"uv": [1.5, 9.5, 2, 11.5], "texture": "#0"},
				"east": {"uv": [2, 9.5, 2.5, 11.5], "texture": "#0"},
				"south": {"uv": [2.5, 9.5, 3, 11.5], "texture": "#0"},
				"west": {"uv": [9.5, 2.5, 10, 4.5], "texture": "#0"},
				"up": {"uv": [6, 4.5, 5.5, 4], "texture": "#0"},
				"down": {"uv": [6, 4.5, 5.5, 5], "texture": "#0"}
			}
		},
		{
			"from": [3.95, 14.25, 5.25],
			"to": [4.95, 17.25, 6.25],
			"rotation": {"angle": -22.5, "axis": "z", "origin": [5.95, 13.25, 7.25]},
			"faces": {
				"north": {"uv": [8.5, 6, 9, 7.5], "texture": "#0"},
				"east": {"uv": [9.5, 4.5, 10, 6], "texture": "#0"},
				"south": {"uv": [9.5, 6, 10, 7.5], "texture": "#0"},
				"west": {"uv": [9.5, 7.5, 10, 9], "texture": "#0"},
				"up": {"uv": [6.5, 4.5, 6, 4], "texture": "#0"},
				"down": {"uv": [6.5, 4.5, 6, 5], "texture": "#0"}
			}
		},
		{
			"from": [3.575, 15.15, 6.75],
			"to": [4.575, 18.15, 7.75],
			"rotation": {"angle": -22.5, "axis": "z", "origin": [5.575, 14.15, 8.75]},
			"faces": {
				"north": {"uv": [9.5, 9, 10, 10.5], "texture": "#0"},
				"east": {"uv": [0, 10, 0.5, 11.5], "texture": "#0"},
				"south": {"uv": [10, 0, 10.5, 1.5], "texture": "#0"},
				"west": {"uv": [0.5, 10, 1, 11.5], "texture": "#0"},
				"up": {"uv": [7, 4.5, 6.5, 4], "texture": "#0"},
				"down": {"uv": [7, 4.5, 6.5, 5], "texture": "#0"}
			}
		},
		{
			"from": [3.15, 16.1, 8.25],
			"to": [4.15, 19.1, 9.25],
			"rotation": {"angle": -22.5, "axis": "z", "origin": [5.15, 15.1, 10.25]},
			"faces": {
				"north": {"uv": [1, 10, 1.5, 11.5], "texture": "#0"},
				"east": {"uv": [10, 1.5, 10.5, 3], "texture": "#0"},
				"south": {"uv": [10, 3, 10.5, 4.5], "texture": "#0"},
				"west": {"uv": [10, 4.5, 10.5, 6], "texture": "#0"},
				"up": {"uv": [10.5, 9.5, 10, 9], "texture": "#0"},
				"down": {"uv": [10.5, 9.5, 10, 10], "texture": "#0"}
			}
		},
		{
			"from": [3.6, 15.175, 9.75],
			"to": [4.6, 18.175, 10.75],
			"rotation": {"angle": -22.5, "axis": "z", "origin": [5.6, 14.175, 11.75]},
			"faces": {
				"north": {"uv": [5, 10, 5.5, 11.5], "texture": "#0"},
				"east": {"uv": [5.5, 10, 6, 11.5], "texture": "#0"},
				"south": {"uv": [10, 6, 10.5, 7.5], "texture": "#0"},
				"west": {"uv": [10, 7.5, 10.5, 9], "texture": "#0"},
				"up": {"uv": [10.5, 10.5, 10, 10], "texture": "#0"},
				"down": {"uv": [11, 0, 10.5, 0.5], "texture": "#0"}
			}
		},
		{
			"from": [7, 14, 6.75],
			"to": [8, 19, 7.75],
			"rotation": {"angle": 22.5, "axis": "z", "origin": [9, 14, 8.75]},
			"faces": {
				"north": {"uv": [9, 6, 9.5, 8.5], "texture": "#0"},
				"east": {"uv": [6.5, 9, 7, 11.5], "texture": "#0"},
				"south": {"uv": [7, 9, 7.5, 11.5], "texture": "#0"},
				"west": {"uv": [7.5, 9, 8, 11.5], "texture": "#0"},
				"up": {"uv": [11, 1, 10.5, 0.5], "texture": "#0"},
				"down": {"uv": [11, 1, 10.5, 1.5], "texture": "#0"}
			}
		},
		{
			"from": [7, 14, 8.25],
			"to": [8, 20, 9.25],
			"rotation": {"angle": 22.5, "axis": "z", "origin": [9, 14, 10.25]},
			"faces": {
				"north": {"uv": [8.5, 3, 9, 6], "texture": "#0"},
				"east": {"uv": [9, 0, 9.5, 3], "texture": "#0"},
				"south": {"uv": [9, 3, 9.5, 6], "texture": "#0"},
				"west": {"uv": [6, 9, 6.5, 12], "texture": "#0"},
				"up": {"uv": [11, 2, 10.5, 1.5], "texture": "#0"},
				"down": {"uv": [11, 2, 10.5, 2.5], "texture": "#0"}
			}
		},
		{
			"from": [7, 14, 9.75],
			"to": [8, 19, 10.75],
			"rotation": {"angle": 22.5, "axis": "z", "origin": [9, 14, 11.75]},
			"faces": {
				"north": {"uv": [8, 9, 8.5, 11.5], "texture": "#0"},
				"east": {"uv": [8.5, 9, 9, 11.5], "texture": "#0"},
				"south": {"uv": [9, 8.5, 9.5, 11], "texture": "#0"},
				"west": {"uv": [9.5, 0, 10, 2.5], "texture": "#0"},
				"up": {"uv": [11, 3, 10.5, 2.5], "texture": "#0"},
				"down": {"uv": [3.5, 10.5, 3, 11], "texture": "#0"}
			}
		}
	],
	"display": {
		"gui": {
			"rotation": [31, -37, 0],
			"translation": [0, 1.25, 0]
		}
	}
}