{
	"textures": {
		"0": "animated_java:blueprint/krest/krest_animation",
		"particle": "minecraft:item/pufferfish"
	},
	"display": {
		"head": {
			"rotation": [0, 180, 0]
		}
	},
	"elements": [
		{
			"from": [-4, 8, -4.27273],
			"to": [20, 8, 19.72727],
			"rotation": {
				"angle": 0,
				"axis": "y",
				"origin": [10.18182, 8, 5.81818]
			},
			"faces": {
				"north": {
					"uv": [0, 0, 8, 0],
					"texture": "#0"
				},
				"east": {
					"uv": [0, 0, 8, 0],
					"texture": "#0"
				},
				"south": {
					"uv": [0, 0, 8, 0],
					"texture": "#0"
				},
				"west": {
					"uv": [0, 0, 8, 0],
					"texture": "#0"
				},
				"up": {
					"uv": [0, 0, 16, 16],
					"texture": "#0"
				},
				"down": {
					"uv": [0, 0, 1.3, 1.03333],
					"rotation": 180,
					"texture": "#0"
				}
			}
		}
	]
}