{
	"textures": {
		"1": "animated_java:blueprint/krest/krestanimation",
		"particle": "minecraft:item/pufferfish"
	},
	"display": {
		"head": {
			"rotation": [0, 180, 0]
		}
	},
	"elements": [
		{
			"from": [7, 2, 7],
			"to": [9, 13, 9],
			"rotation": {
				"angle": 0,
				"axis": "y",
				"origin": [8, 2, 8]
			},
			"faces": {
				"north": {
					"uv": [0, 0, 2, 11],
					"texture": "#1"
				},
				"east": {
					"uv": [2, 0, 4, 11],
					"texture": "#1"
				},
				"south": {
					"uv": [4, 0, 6, 11],
					"texture": "#1"
				},
				"west": {
					"uv": [6, 0, 8, 11],
					"texture": "#1"
				},
				"up": {
					"uv": [13, 4, 11, 2],
					"texture": "#1"
				},
				"down": {
					"uv": [5, 11, 3, 13],
					"texture": "#1"
				}
			}
		},
		{
			"from": [9, 8, 7],
			"to": [12, 10, 9],
			"rotation": {
				"angle": 0,
				"axis": "y",
				"origin": [10, 0, 8]
			},
			"faces": {
				"north": {
					"uv": [8, 0, 11, 2],
					"texture": "#1"
				},
				"east": {
					"uv": [11, 4, 13, 6],
					"texture": "#1"
				},
				"south": {
					"uv": [8, 2, 11, 4],
					"texture": "#1"
				},
				"west": {
					"uv": [5, 11, 7, 13],
					"texture": "#1"
				},
				"up": {
					"uv": [11, 6, 8, 4],
					"texture": "#1"
				},
				"down": {
					"uv": [11, 6, 8, 8],
					"texture": "#1"
				}
			}
		},
		{
			"from": [4, 8, 7],
			"to": [7, 10, 9],
			"rotation": {
				"angle": 0,
				"axis": "y",
				"origin": [6, 0, 8]
			},
			"faces": {
				"north": {
					"uv": [8, 8, 11, 10],
					"texture": "#1"
				},
				"east": {
					"uv": [11, 6, 13, 8],
					"texture": "#1"
				},
				"south": {
					"uv": [8, 10, 11, 12],
					"texture": "#1"
				},
				"west": {
					"uv": [11, 8, 13, 10],
					"texture": "#1"
				},
				"up": {
					"uv": [3, 13, 0, 11],
					"texture": "#1"
				},
				"down": {
					"uv": [14, 0, 11, 2],
					"texture": "#1"
				}
			}
		}
	]
}