{
	"credit": "Made with Blockbench",
	"texture_size": [32, 32],
	"textures": {
		"0": "block/kapkan2",
		"particle": "block/kapkan2"
	},
	"elements": [
		{
			"from": [7, 0, 7],
			"to": [9, 2, 9],
			"faces": {
				"north": {"uv": [8, 7, 9, 8], "texture": "#0"},
				"east": {"uv": [8, 8, 9, 9], "texture": "#0"},
				"south": {"uv": [0, 9, 1, 10], "texture": "#0"},
				"west": {"uv": [1, 9, 2, 10], "texture": "#0"},
				"up": {"uv": [10, 5, 9, 4], "texture": "#0"},
				"down": {"uv": [10, 5, 9, 6], "texture": "#0"}
			}
		},
		{
			"from": [0, 0, 7],
			"to": [7, 1, 9],
			"faces": {
				"north": {"uv": [5.5, 5, 9, 5.5], "texture": "#0"},
				"east": {"uv": [8, 9, 9, 9.5], "texture": "#0"},
				"south": {"uv": [5.5, 5.5, 9, 6], "texture": "#0"},
				"west": {"uv": [9, 8, 10, 8.5], "texture": "#0"},
				"up": {"uv": [5.5, 3, 2, 2], "texture": "#0"},
				"down": {"uv": [5.5, 3, 2, 4], "texture": "#0"}
			}
		},
		{
			"from": [0, 7, 6.25],
			"to": [9, 8, 7.25],
			"rotation": {"angle": 0, "axis": "y", "origin": [0, -7, 0.25]},
			"faces": {
				"north": {"uv": [5.5, 2, 10, 2.5], "texture": "#0"},
				"east": {"uv": [4, 10, 4.5, 10.5], "texture": "#0"},
				"south": {"uv": [5.5, 2.5, 10, 3], "texture": "#0"},
				"west": {"uv": [10, 4, 10.5, 4.5], "texture": "#0"},
				"up": {"uv": [10, 3.5, 5.5, 3], "texture": "#0"},
				"down": {"uv": [10, 3.5, 5.5, 4], "texture": "#0"}
			}
		},
		{
			"from": [0, 0, 6.25],
			"to": [1, 7, 7.25],
			"rotation": {"angle": 0, "axis": "x", "origin": [0, -7, 0.25]},
			"faces": {
				"north": {"uv": [0, 5.5, 0.5, 9], "texture": "#0"},
				"east": {"uv": [0.5, 5.5, 1, 9], "texture": "#0"},
				"south": {"uv": [1, 5.5, 1.5, 9], "texture": "#0"},
				"west": {"uv": [1.5, 5.5, 2, 9], "texture": "#0"},
				"up": {"uv": [5, 10.5, 4.5, 10], "texture": "#0"},
				"down": {"uv": [10.5, 4.5, 10, 5], "texture": "#0"}
			}
		},
		{
			"from": [15, 0, 6.25],
			"to": [16, 7, 7.25],
			"rotation": {"angle": 0, "axis": "x", "origin": [0, -7, 0.25]},
			"faces": {
				"north": {"uv": [2, 6, 2.5, 9.5], "texture": "#0"},
				"east": {"uv": [2.5, 6, 3, 9.5], "texture": "#0"},
				"south": {"uv": [3, 6, 3.5, 9.5], "texture": "#0"},
				"west": {"uv": [3.5, 6, 4, 9.5], "texture": "#0"},
				"up": {"uv": [5.5, 10.5, 5, 10], "texture": "#0"},
				"down": {"uv": [10.5, 5, 10, 5.5], "texture": "#0"}
			}
		},
		{
			"from": [4.75, 7.825, -5.15],
			"to": [6, 8.825, -4.65],
			"rotation": {"angle": 45, "axis": "x", "origin": [0, -6.925, 0.35]},
			"faces": {
				"north": {"uv": [5.5, 10, 6, 10.5], "texture": "#0"},
				"east": {"uv": [10, 5.5, 10.5, 6], "texture": "#0"},
				"south": {"uv": [6, 10, 6.5, 10.5], "texture": "#0"},
				"west": {"uv": [6.5, 10, 7, 10.5], "texture": "#0"},
				"up": {"uv": [7.5, 10.5, 7, 10], "texture": "#0"},
				"down": {"uv": [10.5, 7, 10, 7.5], "texture": "#0"}
			}
		},
		{
			"from": [4.75, 9.5, -4.75],
			"to": [6, 10, -3.75],
			"rotation": {"angle": 45, "axis": "x", "origin": [0, -7, -0.25]},
			"faces": {
				"north": {"uv": [7.5, 10, 8, 10.5], "texture": "#0"},
				"east": {"uv": [10, 7.5, 10.5, 8], "texture": "#0"},
				"south": {"uv": [8, 10, 8.5, 10.5], "texture": "#0"},
				"west": {"uv": [10, 8, 10.5, 8.5], "texture": "#0"},
				"up": {"uv": [9, 10.5, 8.5, 10], "texture": "#0"},
				"down": {"uv": [10.5, 8.5, 10, 9], "texture": "#0"}
			}
		},
		{
			"from": [1.25, 9.5, -4.75],
			"to": [2.5, 10, -3.75],
			"rotation": {"angle": 45, "axis": "x", "origin": [0, -7, -0.25]},
			"faces": {
				"north": {"uv": [9, 10, 9.5, 10.5], "texture": "#0"},
				"east": {"uv": [10, 9, 10.5, 9.5], "texture": "#0"},
				"south": {"uv": [9.5, 10, 10, 10.5], "texture": "#0"},
				"west": {"uv": [10, 9.5, 10.5, 10], "texture": "#0"},
				"up": {"uv": [10.5, 10.5, 10, 10], "texture": "#0"},
				"down": {"uv": [0.5, 10.5, 0, 11], "texture": "#0"}
			}
		},
		{
			"from": [13.25, 9.5, -4.75],
			"to": [15, 10, -3.75],
			"rotation": {"angle": 45, "axis": "x", "origin": [0, -7, -0.25]},
			"faces": {
				"north": {"uv": [9, 8.5, 10, 9], "texture": "#0"},
				"east": {"uv": [0.5, 10.5, 1, 11], "texture": "#0"},
				"south": {"uv": [9, 9, 10, 9.5], "texture": "#0"},
				"west": {"uv": [1, 10.5, 1.5, 11], "texture": "#0"},
				"up": {"uv": [3, 10, 2, 9.5], "texture": "#0"},
				"down": {"uv": [4, 9.5, 3, 10], "texture": "#0"}
			}
		},
		{
			"from": [11.25, 9.5, -4.75],
			"to": [12.25, 10, -3.75],
			"rotation": {"angle": 45, "axis": "x", "origin": [0, -7, -0.25]},
			"faces": {
				"north": {"uv": [1.5, 10.5, 2, 11], "texture": "#0"},
				"east": {"uv": [2, 10.5, 2.5, 11], "texture": "#0"},
				"south": {"uv": [2.5, 10.5, 3, 11], "texture": "#0"},
				"west": {"uv": [3, 10.5, 3.5, 11], "texture": "#0"},
				"up": {"uv": [4, 11, 3.5, 10.5], "texture": "#0"},
				"down": {"uv": [4.5, 10.5, 4, 11], "texture": "#0"}
			}
		},
		{
			"from": [3, 9.5, -4.75],
			"to": [4, 10, -3.75],
			"rotation": {"angle": 45, "axis": "x", "origin": [0, -7, -0.25]},
			"faces": {
				"north": {"uv": [10.5, 4, 11, 4.5], "texture": "#0"},
				"east": {"uv": [4.5, 10.5, 5, 11], "texture": "#0"},
				"south": {"uv": [10.5, 4.5, 11, 5], "texture": "#0"},
				"west": {"uv": [5, 10.5, 5.5, 11], "texture": "#0"},
				"up": {"uv": [11, 5.5, 10.5, 5], "texture": "#0"},
				"down": {"uv": [6, 10.5, 5.5, 11], "texture": "#0"}
			}
		},
		{
			"from": [6.75, 9.5, -4.75],
			"to": [7.5, 10, -3.75],
			"rotation": {"angle": 45, "axis": "x", "origin": [0, -7, -0.25]},
			"faces": {
				"north": {"uv": [10.5, 5.5, 11, 6], "texture": "#0"},
				"east": {"uv": [6, 10.5, 6.5, 11], "texture": "#0"},
				"south": {"uv": [6.5, 10.5, 7, 11], "texture": "#0"},
				"west": {"uv": [7, 10.5, 7.5, 11], "texture": "#0"},
				"up": {"uv": [11, 7.5, 10.5, 7], "texture": "#0"},
				"down": {"uv": [8, 10.5, 7.5, 11], "texture": "#0"}
			}
		},
		{
			"from": [7.75, 9.5, -4.75],
			"to": [9, 10, -3.75],
			"rotation": {"angle": 45, "axis": "x", "origin": [0, -7, -0.25]},
			"faces": {
				"north": {"uv": [10.5, 7.5, 11, 8], "texture": "#0"},
				"east": {"uv": [8, 10.5, 8.5, 11], "texture": "#0"},
				"south": {"uv": [10.5, 8, 11, 8.5], "texture": "#0"},
				"west": {"uv": [8.5, 10.5, 9, 11], "texture": "#0"},
				"up": {"uv": [11, 9, 10.5, 8.5], "texture": "#0"},
				"down": {"uv": [9.5, 10.5, 9, 11], "texture": "#0"}
			}
		},
		{
			"from": [10, 9.5, -4.75],
			"to": [10.5, 10, -3.75],
			"rotation": {"angle": 45, "axis": "x", "origin": [0, -7, -0.25]},
			"faces": {
				"north": {"uv": [10.5, 9, 11, 9.5], "texture": "#0"},
				"east": {"uv": [9.5, 10.5, 10, 11], "texture": "#0"},
				"south": {"uv": [10.5, 9.5, 11, 10], "texture": "#0"},
				"west": {"uv": [10, 10.5, 10.5, 11], "texture": "#0"},
				"up": {"uv": [11, 10.5, 10.5, 10], "texture": "#0"},
				"down": {"uv": [11, 10.5, 10.5, 11], "texture": "#0"}
			}
		},
		{
			"from": [11.75, 7.825, -5.15],
			"to": [13, 8.825, -4.65],
			"rotation": {"angle": 45, "axis": "x", "origin": [0, -6.925, 0.35]},
			"faces": {
				"north": {"uv": [0, 11, 0.5, 11.5], "texture": "#0"},
				"east": {"uv": [0.5, 11, 1, 11.5], "texture": "#0"},
				"south": {"uv": [1, 11, 1.5, 11.5], "texture": "#0"},
				"west": {"uv": [1.5, 11, 2, 11.5], "texture": "#0"},
				"up": {"uv": [2.5, 11.5, 2, 11], "texture": "#0"},
				"down": {"uv": [11.5, 2, 11, 2.5], "texture": "#0"}
			}
		},
		{
			"from": [9.75, 7.825, -5.15],
			"to": [11, 8.825, -4.65],
			"rotation": {"angle": 45, "axis": "x", "origin": [0, -6.925, 0.35]},
			"faces": {
				"north": {"uv": [2.5, 11, 3, 11.5], "texture": "#0"},
				"east": {"uv": [11, 2.5, 11.5, 3], "texture": "#0"},
				"south": {"uv": [3, 11, 3.5, 11.5], "texture": "#0"},
				"west": {"uv": [11, 3, 11.5, 3.5], "texture": "#0"},
				"up": {"uv": [4, 11.5, 3.5, 11], "texture": "#0"},
				"down": {"uv": [11.5, 3.5, 11, 4], "texture": "#0"}
			}
		},
		{
			"from": [13.5, 7.825, -5.15],
			"to": [15.25, 8.825, -4.65],
			"rotation": {"angle": 45, "axis": "x", "origin": [0, -6.925, 0.35]},
			"faces": {
				"north": {"uv": [4, 9.5, 5, 10], "texture": "#0"},
				"east": {"uv": [4, 11, 4.5, 11.5], "texture": "#0"},
				"south": {"uv": [5, 9.5, 6, 10], "texture": "#0"},
				"west": {"uv": [11, 4, 11.5, 4.5], "texture": "#0"},
				"up": {"uv": [7, 10, 6, 9.5], "texture": "#0"},
				"down": {"uv": [8, 9.5, 7, 10], "texture": "#0"}
			}
		},
		{
			"from": [2, 7.825, -5.15],
			"to": [4, 8.825, -4.65],
			"rotation": {"angle": 45, "axis": "x", "origin": [0, -6.925, 0.35]},
			"faces": {
				"north": {"uv": [8, 9.5, 9, 10], "texture": "#0"},
				"east": {"uv": [4.5, 11, 5, 11.5], "texture": "#0"},
				"south": {"uv": [9, 9.5, 10, 10], "texture": "#0"},
				"west": {"uv": [11, 4.5, 11.5, 5], "texture": "#0"},
				"up": {"uv": [1, 10.5, 0, 10], "texture": "#0"},
				"down": {"uv": [2, 10, 1, 10.5], "texture": "#0"}
			}
		},
		{
			"from": [6.75, 7.825, -5.15],
			"to": [9, 8.825, -4.65],
			"rotation": {"angle": 45, "axis": "x", "origin": [0, -6.925, 0.35]},
			"faces": {
				"north": {"uv": [2, 10, 3, 10.5], "texture": "#0"},
				"east": {"uv": [5, 11, 5.5, 11.5], "texture": "#0"},
				"south": {"uv": [10, 2, 11, 2.5], "texture": "#0"},
				"west": {"uv": [11, 5, 11.5, 5.5], "texture": "#0"},
				"up": {"uv": [11, 3, 10, 2.5], "texture": "#0"},
				"down": {"uv": [4, 10, 3, 10.5], "texture": "#0"}
			}
		},
		{
			"from": [15, 0, 8.75],
			"to": [16, 7, 9.75],
			"rotation": {"angle": 0, "axis": "x", "origin": [0, -8, -0.25]},
			"faces": {
				"north": {"uv": [4, 6, 4.5, 9.5], "texture": "#0"},
				"east": {"uv": [4.5, 6, 5, 9.5], "texture": "#0"},
				"south": {"uv": [5, 6, 5.5, 9.5], "texture": "#0"},
				"west": {"uv": [5.5, 6, 6, 9.5], "texture": "#0"},
				"up": {"uv": [6, 11.5, 5.5, 11], "texture": "#0"},
				"down": {"uv": [11.5, 5.5, 11, 6], "texture": "#0"}
			}
		},
		{
			"from": [0, 0, 8.75],
			"to": [1, 7, 9.75],
			"rotation": {"angle": 0, "axis": "x", "origin": [0, -8, -0.25]},
			"faces": {
				"north": {"uv": [6, 6, 6.5, 9.5], "texture": "#0"},
				"east": {"uv": [6.5, 6, 7, 9.5], "texture": "#0"},
				"south": {"uv": [7, 6, 7.5, 9.5], "texture": "#0"},
				"west": {"uv": [7.5, 6, 8, 9.5], "texture": "#0"},
				"up": {"uv": [6.5, 11.5, 6, 11], "texture": "#0"},
				"down": {"uv": [7, 11, 6.5, 11.5], "texture": "#0"}
			}
		},
		{
			"from": [9, 7, 6.25],
			"to": [16, 8, 7.25],
			"rotation": {"angle": 0, "axis": "x", "origin": [0, -7, 0.25]},
			"faces": {
				"north": {"uv": [8, 0, 11.5, 0.5], "texture": "#0"},
				"east": {"uv": [7, 11, 7.5, 11.5], "texture": "#0"},
				"south": {"uv": [8, 0.5, 11.5, 1], "texture": "#0"},
				"west": {"uv": [11, 7, 11.5, 7.5], "texture": "#0"},
				"up": {"uv": [11.5, 1.5, 8, 1], "texture": "#0"},
				"down": {"uv": [11.5, 1.5, 8, 2], "texture": "#0"}
			}
		},
		{
			"from": [0, 7, 8.75],
			"to": [16, 8, 9.75],
			"rotation": {"angle": 0, "axis": "x", "origin": [0, -7, -0.25]},
			"faces": {
				"north": {"uv": [0, 0, 8, 0.5], "texture": "#0"},
				"east": {"uv": [7.5, 11, 8, 11.5], "texture": "#0"},
				"south": {"uv": [0, 0.5, 8, 1], "texture": "#0"},
				"west": {"uv": [11, 7.5, 11.5, 8], "texture": "#0"},
				"up": {"uv": [8, 1.5, 0, 1], "texture": "#0"},
				"down": {"uv": [8, 1.5, 0, 2], "texture": "#0"}
			}
		},
		{
			"from": [9, 0, 7],
			"to": [16, 1, 9],
			"faces": {
				"north": {"uv": [8, 6, 11.5, 6.5], "texture": "#0"},
				"east": {"uv": [10, 3, 11, 3.5], "texture": "#0"},
				"south": {"uv": [8, 6.5, 11.5, 7], "texture": "#0"},
				"west": {"uv": [10, 3.5, 11, 4], "texture": "#0"},
				"up": {"uv": [5.5, 5, 2, 4], "texture": "#0"},
				"down": {"uv": [5.5, 5, 2, 6], "texture": "#0"}
			}
		},
		{
			"from": [7, 0, 0],
			"to": [9, 1, 7],
			"faces": {
				"north": {"uv": [9, 7, 10, 7.5], "texture": "#0"},
				"east": {"uv": [5.5, 4, 9, 4.5], "texture": "#0"},
				"south": {"uv": [9, 7.5, 10, 8], "texture": "#0"},
				"west": {"uv": [5.5, 4.5, 9, 5], "texture": "#0"},
				"up": {"uv": [1, 5.5, 0, 2], "texture": "#0"},
				"down": {"uv": [2, 2, 1, 5.5], "texture": "#0"}
			}
		}
	],
	"display": {
		"firstperson_righthand": {
			"translation": [4.5, 3.75, 0]
		},
		"ground": {
			"translation": [0, 4.5, 0]
		},
		"gui": {
			"rotation": [30, 21, 0],
			"translation": [0, 5.5, 0],
			"scale": [0.94, 0.92, 0.94]
		}
	}
}