{
	"textures": {
		"0": "animated_java:blueprint/bookanimation/2a48f933329a46079a9278d42da2d96e_no_bg_preview_carve.photos_1_",
		"particle": "minecraft:item/pufferfish"
	},
	"display": {
		"head": {
			"rotation": [0, 180, 0]
		}
	},
	"elements": [
		{
			"from": [-4, 8, -4],
			"to": [20, 8, 20],
			"rotation": {
				"angle": 0,
				"axis": "y",
				"origin": [8, 8, 8]
			},
			"faces": {
				"north": {
					"uv": [0, 0, 16, 0],
					"texture": "#0"
				},
				"east": {
					"uv": [0, 0, 16, 0],
					"texture": "#0"
				},
				"south": {
					"uv": [0, 0, 16, 0],
					"texture": "#0"
				},
				"west": {
					"uv": [0, 0, 16, 0],
					"texture": "#0"
				},
				"up": {
					"uv": [0, 0, 16, 16],
					"texture": "#0"
				},
				"down": {
					"uv": [0, 0, 1.96667, 1.86667],
					"texture": "#0"
				}
			}
		}
	]
}