{
	"textures": {
		"1": "animated_java:blueprint/bookanimation/devilbook",
		"particle": "minecraft:item/pufferfish"
	},
	"display": {
		"head": {
			"rotation": [0, 180, 0]
		}
	},
	"elements": [
		{
			"from": [4.75, 3.75, 6.75],
			"to": [11.75, 12.75, 8.25],
			"rotation": {
				"angle": 0,
				"axis": "y",
				"origin": [11.75, 3.75, 4.75]
			},
			"faces": {
				"north": {
					"uv": [0, 4.5, 3.5, 9],
					"texture": "#1"
				},
				"east": {
					"uv": [8, 0, 9, 4.5],
					"texture": "#1"
				},
				"south": {
					"uv": [3.5, 4.5, 7, 9],
					"texture": "#1"
				},
				"west": {
					"uv": [8, 4.5, 9, 9],
					"texture": "#1"
				},
				"up": {
					"uv": [12.5, 2, 9, 1],
					"texture": "#1"
				},
				"down": {
					"uv": [12.5, 2, 9, 3],
					"texture": "#1"
				}
			}
		}
	]
}