{
	"textures": {
		"1": "animated_java:blueprint/bookanimation/devilbook",
		"particle": "minecraft:item/pufferfish"
	},
	"display": {
		"head": {
			"rotation": [0, 180, 0]
		}
	},
	"elements": [
		{
			"from": [4.5, 3.75, 8],
			"to": [11.5, 12.75, 9.5],
			"rotation": {
				"angle": 0,
				"axis": "y",
				"origin": [11.5, 3.75, 5.5]
			},
			"faces": {
				"north": {
					"uv": [0, 0, 3.5, 4.5],
					"texture": "#1"
				},
				"east": {
					"uv": [7, 0, 8, 4.5],
					"texture": "#1"
				},
				"south": {
					"uv": [3.5, 0, 7, 4.5],
					"texture": "#1"
				},
				"west": {
					"uv": [7, 4.5, 8, 9],
					"texture": "#1"
				},
				"up": {
					"uv": [3.5, 10, 0, 9],
					"texture": "#1"
				},
				"down": {
					"uv": [12.5, 0, 9, 1],
					"texture": "#1"
				}
			}
		}
	]
}